地点,价格,照片,各性描述,屋内情况,不适宜,适宜,房东姓名,房东性别,综合分数,整洁卫生,描述相符,交通位置,安全程度,性价比
北京市朝阳区沿海赛洛城,458,46,第一次做民宿，沉醉于软装设计我把梦想的生活方式揉进这里，大到家具家电，小到餐具饰品，都是精挑细选希望我精心布置的房间能带给你家的感觉，减少对这个城市初来乍到的陌生感～当然，这里并不完美，您遇到任何问题请随时跟我沟通，我会尽力为您解决希望您是愿意沟通，善良礼貌的人，习惯中差评的我们一律不接待感谢您对房子的喜欢，这是我们继续努力的动力～您可能关心的问题【关于卫生】：卫生是重中之重，房间每客一扫，床品每客一换，如果入住期间需要打扫收取50元清洁费。【图片真实性】：房子经过网站工作人员验真，照片为网站摄影师实拍，所见即所得【如何预定】：我们会及时更新房态信息，房间在可预定状态下都有房，欢迎自助下单，房子是密码锁，入住之前，我会把房间具体地址和密码发给您～【关于押金】：由网站代收押金500元，退房后保洁打扫完毕将押金原路返回【关于优惠】：日租价格已是最低，不议价，7天以上订单95折，30天以上9折【入住人数】：正常2人，最多3人，提前告知，我们会多准备一套床品和洗漱用品，不加收费用【入住及退房时间】：正常入住时间为下午2点，退房时间中午12点，如果您需要提前入住或延迟退房，请务必提前与我沟通【关于停车】：小区有地面收费停车场，车位充足【能否提前看房】：房东距离房源所在位置较远，且图片及房源描述经由网站审核通过，所见即所得，不支持提前看房【商业拍摄】：欢迎商业拍摄，但会根据入内人数和拍摄性质收取一定额外费用，如需详细了解请私信咨询。如有发现未经通知的情况下擅自进行商业拍摄，恕将您立即请出。【关于聚会】：禁止聚会【开具发票】：如需发票，可在预定时选择需要发票，平台收取相应税点【其他费用】：在您遵守房屋守则的情况下，无任何加收费用，请您放心北京的地铁线路如同蜘蛛网般交叉，地铁没有堵车的烦恼，离地铁近就是王道～赛洛城小区到地铁口步行距离600米～地铁直达欢乐谷，天坛，前门大街，北京西站到天安门等景区10公里以内～,北京著名的网红社区，住着很多时髦人儿，距离7号线百子湾地铁步行700米，小区配套设施完善，每个单元都有保安，居住安全，有电梯，密码锁出入很方便～LOFT结构，1层客厅餐厅厨房洗手间，2层卧室及休闲区【卧室】2米的双人床垫，2.4米超级大被子，房主精心挑选的高密度面料床品保证一客一换房间黑白色调，简洁大方，多数用品来自宜家～【客厅】网红吊灯超薄液晶电视，一百多个频道大落地窗旁是铺着厚毛毯的飘窗，喝一杯小酒，发个呆也是假日里不错的放松方式餐桌一尘不染，精致的餐具，点着香薰蜡烛，吃自己亲手做的晚餐，享受一个自在舒适的晚上【厨房】提供全套厨具及精美餐具，免费的调料和大米，快来大展厨艺别忘了晒图哦~【洗手间】高档厚实的毛巾浴巾，大功率吹风机，洗浴用品，一次性洗漱用品，卸妆棉，拖鞋，洗衣液，消毒液，房主能想到的都准备了，欢迎补充除此之外，空调，微波炉，冰箱，全自动洗衣机，wifi，24小时热水，也应有尽有哦,门禁系统浴缸有线网络允许吸烟允许聚会允许带宠物适宜儿童适宜老人适宜残疾人,热水淋浴无线网络空调电视电梯洗衣机冰箱停车位饮水设备暖气拖鞋手纸牙具毛巾浴液 洗发水香皂允许做饭,小马佳佳,Woman,5分,暂无,暂无,暂无,暂无,暂无
北京市朝阳区百子湾 石门东路 沿海赛洛城,598,35,艺术浪漫的家，无限的舒适享受等待着你~房子的设计到装点都是房主一点一点生活乐趣的由来，期待一样有趣的你~~地铁7号线【百子湾】往东一点第一个红绿灯口就是地铁1号线【大望路】B口出坐11路公交【唐家村】下车往东200米地铁站【百子湾】公交站【唐家村】,24小时热水洗澡，拖鞋，毛巾牙刷洗发露都有啦，床品一客一换，干净~洗衣机，熨烫机【基础设备】：有音响，有6人-8人餐桌餐椅，免费高速WIFI，舒适床垫，24小时热水洗澡，超大公共露台，2【想做饭】：燃气灶，德国锅具刀具，酒杯水杯盘子齐全齐全拉，小烤箱，电饭锅，冰箱，洗洁精【情侣约会】：舒适的大双人床，珍珠纱幔朦胧，水晶灯，花朵，芬芳香味~~进口红酒杯，立体音响，空调，安静舒适整洁的浪漫享受特别注意：楼下有老人，拒绝晚上吵闹的活动！！扰民者不接待！,浴缸有线网络允许带宠物适宜儿童适宜老人适宜残疾人,热水淋浴无线网络空调电视电梯门禁系统洗衣机冰箱停车位饮水设备暖气拖鞋手纸牙具毛巾浴液 洗发水香皂允许做饭允许吸烟允许聚会,iHOME民宿沿海店,Woman,4.9分,4.9分,4.8分,4.9分,4.9分,4.8分
zt梨子,dgnc,黄俊翰,aileenlousiusiu,zuMemory,aaaaacccc,p6血色浪漫,斯德哥尔摩女孩,齐宏越,吃可爱多长大的06,热乎宾果,萌琦琦的美甲店,qpZxub,崽崽最可爱啦,zsj456,李晗辽AX,wenxiyoyo,co一颗小虎牙,静静的蓝兔子
入住时间：2019年05月因为自己原因没有入住房东爽快同意免费取消点赞房东回复:感谢您的评价您在选择我们的时候我们也会为您解决入住问题我们再接再厉做的更好欢迎您的下次入住,入住时间：2019年04月非常给力的套民宿，地理位置好，环境舒适，房间装修优雅，干净整洁！大力推荐！房东热情！下次有机会继续订！房东回复:哈哈感谢您的评价期待您的下次入住,入住时间：2019年04月很好，很好，很好，很好，很好，很好，很好，很好，很好，很好，很好，很好，很好，很好，很好，很好，很好，很好，很好，很好，很好，很好，很好，很好。房东回复:哈哈感谢评价,入住时间：2018年10月因为出差，订了一夜，一进门，屋子那种说不出的味道就让整个住宿的体验立马就下来了，桌子上的灰也很大，沙发的卫生也没法评价，小房间的味道就更不用说。再来说说安全问题，半夜凌晨不到一点，突然有人开房门，刚开始以为是自己神经过敏，后来连续的两次，我把门打开，门口站着人，说他们也是预订这个房间的，好恐怖⊙n⊙！啥也不想说了，这次北京的民宿体验。房东回复:实在抱歉给您带来这么差的住宿体验，我们已经联系核实情况，卫生方面我们已经勒令保洁阿姨集体整改，对于安全问题我们已经处罚责任人。希望您下次来给您更好的住宿体验！,入住时间：2018年09月感谢房东款待，房子很好，住着很舒服,入住时间：2018年09月没有照片拍的那么好房东回复:感谢您的评价，您在网站上看到的照片都是网站这边过来实拍的，色觉上可能多会有一些色差，我们的房间可能会有一些日常磨损，但是房间的摆设和颜色都和照片上是一样的。您也可以体验下我们的其他房间。iHOME随时欢迎您！,入住时间：2018年08月很好，很满意房东回复:感谢您的好评，我们会努力做得更好的，同时也非常欢迎您继续下榻iHOME。,入住时间：2018年08月房子大，而且装修的非常好看，尤其是主卧室。房东也放了矿泉水和纸巾，毛巾什么的都叠的很整齐。落地窗看景色很棒，尤其是晚上夜景超美。床单也干净，床舒服。附近小吃也很多。但是房间刚开始有点味道，通通风就好了。唯一一个续租的房子。房东回复:感谢您对我们的评价，您的满意是对我们最大的鼓励，我们会再接再厉，同时也欢迎您再次下榻Ihome！,入住时间：2018年08月房间很大很漂亮房东回复:感谢您对我们的评价，您的满意是对我们最大的鼓励，我们会再接再厉，同时也欢迎您再次下榻Ihome！,入住时间：2018年08月非常好，很大很漂亮房东回复:感谢您对我们的评价，您的满意是对我们最大的鼓励，我们会再接再厉，同时也欢迎您再次下榻Ihome！大三居超大地铁百子湾做饭出差发票>,入住时间：2019年05月非常喜欢这间房间，挺大的，装修也非常好，离地铁站走路也就10分钟左右，下次还来这里。西域复式2人地铁近做饭可发票出差～>,入住时间：2019年05月环境没得说，跟图片一模一样！房东回复:感谢您的评价房间照片我们都是网站专业摄影师进行实拍的实际现实无出入我们再接再厉期待您的下次入住英伦正规一居做饭出差CBD可发票拍片>,入住时间：2019年05月房间内部有种复古感，还蛮有感觉的，床很高，但是床垫很舒服，很舒服，很舒服……房东回复:感谢您的到来和好评。让客人住的舒心，是我们努力的目标。我们的床垫选择的是适中的很舒服为客人细心考虑我们也期待您的下次入住棉花糖地铁近唯美复式出差做饭可发票>,入住时间：2019年05月房子超级漂亮，周边吃饭什么的也都很方便，交通也可以，除了入住之前跟不知道是客服还是业主沟通比较费劲以外其他的都很好。房东回复:感谢您的到来和好评，让客人住的舒心，是我们努力的目标。我们的房间距离地铁公交站都特别近如果您喜欢步行，也可以一边欣赏城市的景色。期待您的再次光临。”百子湾地铁时尚可做饭情侣双井近>,入住时间：2019年05月房子特别漂亮，小区也高档，住得很舒服，房东很热心，很好找到，下次有机会再来房东回复:感谢您的到来和好评。让客人住的舒心，是我们努力的目标。欢迎并期待您的下次到来棉花糖地铁近唯美复式出差做饭可发票>,入住时间：2019年05月各方面都不错，除了没有电视房东回复:您好，感谢您的评价，房间是有点电视的，在楼上的呢近地铁/竟园/绿野仙踪一居>,入住时间：2019年05月很少写评论，但是这间房子真是性价比超高，忍不住过来评论。房子装修是全新的，非常有设计感，交通便利，房东小姐姐也非常nice，非常细心，准备了陈皮玫瑰小毛毯，周边外卖也超多，下回还来房东回复:感谢您的用心评价，照片拍的棒棒哒03梦120平4人住地铁近百子湾做饭>,入住时间：2019年04月干净整洁卫生。空间大。房东回复:感谢您的评价，期待您的下次入住06青花阳光2居燃气做饭拍摄文艺优>,入住时间：2019年04月房间干净宽敞，住着很舒服，客厅挺大的，总之性价比比较高，就是离地铁站有一丢丢远，其他都很棒。房东回复:感谢您的评价，我们再接再厉做的更好，欢迎下次入住百子湾小白LOFT近地铁公寓做饭双井>
北京市怀柔区渤海镇三渡河村,450,27,云鹤小居・月亮房可以居住二个人，中式景观，独立小院，娴雅悠然，浪漫二人间，可闲庭信步，可阅读中享受下午时光，感受中式情结。房间提供一次性牙具，纸杯，卫生间24小时热水，浴巾，拖鞋，洗手液，吹风机，卫生纸等免费物品！室内的摆件，画卷等可以出售，院内有免费wifi，房间门后有wifi密码，云鹤小居的二维码，名片等，房间免费提供茶具，矿泉水慕田峪长城附近四合院中式风格小院可预订早餐15元/人(十五岁以下孩子免费)，晚餐100元/人(十五岁以下孩子免费)提供送机场火车站服务(需要付费)免费停车场(免费)如果您成为我们的老客户就可享受平日八五折，节假日九折优惠。云鹤小居民宿・月亮房地处怀黄公路慕田峪长城方向，约十公里处，花台子公交车站，自驾游可以高德导航云鹤小居即可，户外骑行，公共交通到三渡河花台子公交车站即可，穿行在山区公路，感受景区风光，相信会不虚此行，云鹤小居民宿欢迎您！提供收费充电桩50元/次,独立的小院，拥有3个独立房间，安静闲淡。按人数可自由选择套房2人间，3人间，6人间，具有独立卫浴，适合家人或者朋友相聚。到院子里晒太阳，看看书，发发呆，度下午时光。院子装修是自己设计打造的，做一些自己喜欢物件，一句话，美却有意思。小院提供收费早，晚餐，但需提前预定，小院位处北京农村的环境中，周边有便利店和多家餐厅。,电视电梯门禁系统洗衣机冰箱饮水设备浴缸暖气有线网络毛巾允许做饭允许吸烟允许聚会适宜儿童适宜老人适宜残疾人,热水淋浴无线网络空调停车位拖鞋手纸牙具浴液 洗发水香皂允许带宠物,夕阳之洋TOM,Woman,暂无,暂无,暂无,暂无,暂无,暂无
北京市朝阳区百环家园,378,22,预定需知:下单前务必提前沟通重要事说三遍沟通沟通沟通！一定要沟通米粒儿家步行6分钟到双井地铁站・到国贸：到国贸CBD开车7分钟，如果骑共享单车15-20分钟，如果做地铁只有一站地哦，所以很方便～・到天安门：乘坐10号线做一站到国贸后，转1号线20分钟直达到天安门哦～・到三里屯：乘坐10号线双井站4站到团结湖，步行10分钟到三里屯哦，全程30分钟内搞定～・到世贸天阶：乘坐10号线双井站2站到金台夕照，就到世贸天阶了哦～如果骑车子更方便，15分钟左右就到了哦～・到北京站：到国贸换乘2号线后1站到北京站哦～・到北京西站：马上双井7号线就开通了，可以直接7号线30分钟到北京西站。现在大家可以步行10分钟到广渠门外站，乘坐7号线30分钟到北京西站哦～・到首都国际机场：乘坐10号线到三元桥换乘机场线2站到T2航站楼，或者直接坐车车到机场40分钟哦，不过建议大家如果坐车车一定要提前出发，比较帝都的交通稍微有些不受控～建议大家能乘坐公共交通工具，或者共享单车的就尽量乘坐哦，爱护环境，保护你我他～再次欢迎所以光顾米粒儿家的伙伴们,米粒儿的家是欧式装修，床品也是欧式的滑溜溜面料，贴身的那面是棉质的（米粒儿怕有的伙伴不能接受丝绸，所以选择了摸起来滑溜溜，盖起来很舒服的床品）有一个小吧台，大家可以在吧台上看看书，喝咖啡哦伙伴们也可以坐在米粒儿阳台的摇椅上晒着阳光，看着书，特别惬意。晚上可以坐在摇椅上开着台灯，惬意的看着书，喝着咖啡，背景是整个国贸，大北京，想想都美吧～★有几点需要大家注意哦★・米粒儿不能闻烟味，所以各位伙伴千万不要在家里抽烟哈，这个比较重点呢，所以放到第一点给大家看哈。・米粒儿食素者，不能接受油烟，所以米粒儿家可以做一些简餐，不希望开火做饭哦～・米粒儿的房子是正规的一居室，但是没有在卧室安装门，用的门帘，哈哈，米粒儿有点儿幽闭恐惧。。。所以在房间内有空调和风扇，建议伙伴们用风扇，因为房间不是密闭，和客厅想通的，所以夏天用空调不会特别舒服。米粒儿买的风扇是可以摇脑袋的哦，所以不要对着自己直吹，免得感冒啦～・米粒儿有准备一个三门大衣柜，够大家放好多衣服哦～・米粒儿在吧台旁边的架子有准备小本本，欢迎各位伙伴可以留言哦～・米粒儿的卫生间内有准备垃圾桶，伙伴们一定一定要把纸巾扔在垃圾桶内，不要扔进马桶哦～再次欢迎所以光顾米粒儿家的伙伴们,门禁系统浴缸有线网络牙具香皂允许吸烟允许聚会允许带宠物适宜儿童适宜老人适宜残疾人,热水淋浴无线网络空调电视电梯洗衣机冰箱停车位饮水设备暖气拖鞋手纸毛巾浴液 洗发水允许做饭,Emily的米粒,Woman,4.9分,暂无,暂无,暂无,暂无,暂无
北京市丰台区东亚三环,438,19,不想当飞行员的调酒师，不是一个好的民宿主人。游走于线上OTA平台，厌倦了各项KPI考核，裸辞自己当民宿主人。顺便学着做奶爸。爱好广泛，音乐/篮球/台球/鸡尾酒/咖啡/茶艺，有机会可以切磋切磋【交通】地铁：4号线公益西桥站就在小区门口，北京南站3站，用时10分钟；北京西站4号转7号，用时25分钟。南苑机场9km，打车约20分钟，花费25元（前提是不堵车哈）。,【关于设计】房屋由设计师朋友协助设计：走进房间，中灰色墙面与白色柜体使空间干净优雅，搭配偏灰的粉色甜蜜浪漫，却又不会显得过分稚嫩；以粉色，灰色以及米黄色为空间的大面积色调，搭配时尚的黑白波点或条纹，把整个巴黎的优雅搬进家。【客厅】42寸智能电视、小米智能影音盒、百兆wi-fi、舒适宜家沙发、时尚宜家茶几、卡通挂画组合，折叠式餐桌。【卧室】宽敞舒适1.8*2m双人床，对标四星级高织数床上用品，专业洗涤厂清洗、消杀、熨烫，床单被罩枕套毛巾浴巾，保证一客一换。【厨房】公寓虽小，五脏俱全。开放式橱柜+全套炊具厨具+中式调料，随时助力您施展厨艺。【景观】南向阳光房，180度全视野准落地窗，黄昏日落&繁华夜景尽收眼底。,浴缸香皂允许带宠物适宜儿童适宜老人适宜残疾人,热水淋浴无线网络空调电视电梯门禁系统洗衣机冰箱停车位饮水设备暖气有线网络拖鞋手纸牙具毛巾浴液 洗发水允许做饭允许吸烟允许聚会,游弋晓居,Woman,4.8分,暂无,暂无,暂无,暂无,暂无
北京市丰台区东亚三环,318,18,房东是一位资深的北漂，自己做点小买卖，能挣点小钱，偶尔听到民宿这一词自己也想试试，不求别的，多想多认识一些人，了解一下来自各地的朋友不一样的人生位于北京地铁4号线公益西桥地铁站C口，出来就是小区南门。公交车站也就在小区门口，出行分分钟十分便利,本来只想做的简单点，开始收拾以后就停不下来了，觉得什么好就往里搬，没有确定的风格，住着舒服就行,饮水设备浴缸香皂允许带宠物适宜儿童适宜老人适宜残疾人,热水淋浴无线网络空调电视电梯门禁系统洗衣机冰箱停车位暖气有线网络拖鞋手纸牙具毛巾浴液 洗发水允许做饭允许吸烟允许聚会,游弋晓居,Woman,4.4分,4.4分,4.4分,4.4分,4.4分,4.4分
shining_琪,坤哥红海湾,BabyWbf,Rugby陈影,冯样,hui佳佳,greenaxe,臻o8,gucuicui,A晓晨,好玩的一天,稳稳小幸福,糯彤彤,哈哈,acekiller,蒹葭zb,Rickywang16,我叫张嚷嚷
入住时间：2019年04月本来预定的是便宜的房子，房东人超级好给升级了～刚进去房间就觉得很干净，门锁是单独设定的密码锁，很安全，床单毛巾被罩都是洗好新换的，还有洗发液沐浴露都是准备好的，不用自己带，厨房的锅碗都很齐全，刀子什么东西都是一颗直接用的，很方便，调料一般的都有，就自己买了油和黄酒，大料，还剩下很多米调料没用完，就留在房间了，希望之后的住户可以方便用别浪费哈哈哈～很好的住房体验刚进去忘记没拍照，就放了几张这几天做的菜(`),入住时间：2018年12月还可以吧就是隔音不好,入住时间：2018年10月房东超级好，房间干净。下次还会入住房东回复:您呀虽然接触不多沟通也不频繁但我知道你眼光一定很好,入住时间：2018年10月还不错，本来应该12点退房，因为下午5点多的高铁，跟房东说了一下，房东推迟到下午三点退房，房东人很好，很不错的体验。房东回复:出门在外相互理解要是没人你可以多待会确实后面还有客人要住所以只能给您宽限到3点,入住时间：2018年08月房间很不错，干净。,入住时间：2018年06月很好位置方便,入住时间：2018年05月还好还好.！房东回复:非常好的房客，欢迎您下次入住哦,入住时间：2017年09月首先小区的地理位置很不错，就在地铁口，门口也有很多吃的，生活很方便，我们当时是开车去的，小区里也有停车位，收费还很便宜，但是靠运气找位置，停车位不是很宽裕，然后小区的楼道不是很干净，有点杂乱，屋里还不错，布置的还算温馨，就是照片上看起来会比实际的整理看起来更新一些，有一个问题是床有点太软了！睡不习惯，其他都不错房东回复:很好的客人，房间保持的很好，欢迎下次入住哦,入住时间：2017年08月房东很热情，人也很好，房间干净太干净，入住跟舒服，做饭，洗澡一应俱全，特棒！房东回复:谢谢亲的好评！欢迎您下次入住【龙舌兰】地铁口/直达西单北大清华颐和园>,入住时间：2019年04月房间漂亮，干净整洁，主要装修风格我超喜欢，房东小姐姐，人很善良，亲和，而且特别良心的，我一租了两个房间都各续租了两天，赶上五一假期小姐姐在没有涨价的前提下还给了我们优惠，真的是很愉快的一次入住，也让我这次在北京的旅行更增添的一份开心，小姐姐给推荐的餐厅也很好吃，小区附近出门地铁站，商场超市都很全，强烈推荐各位入住近北京南站南苑机场地铁四号线高层视野巨好>,入住时间：2019年04月邻居很吵，楼内环境一般，房间略潮。入住体验一般冬至物语-近南站公益西桥地铁南苑机场>,"入住时间：2019年02月这次的入住体检不好能够说满意的应该就是地段了，出门就是地铁，这一点很方便。再来说说不好的，落地联系房东，给我一个完全不一样的房间，非常小，告诉我，我定的房间卫生间的马桶坏了，不进水，不能住。给我的那个房间，我带着孩子完全住不了，然后又给了我一个大一点的房间，我再说说这个。1,床，一个大床是两个单人的床垫拼的2,热水器，只能快速地洗一个人，如果是女士，洗头了，再洗澡水就凉了，得等等……让电热水器加热至少一个小时。3,马桶盖上有个破洞，坐在上面挺担心。入住了四天，我原先定的房间一天没住上。房东回复:非常抱歉宝妈，因为房间的确出了一些维修上的问题，赶在春节期间不好找师傅，我今可能给您条换大点的房间给您，因为春节期间房源紧张所以小房间更不能给您条换了，我也是赶着师傅来给您安排维修，很抱歉宝妈！如果有机会一定给您免费升级好一点的房间！祝您新年愉快！粉黛佳人地铁公益西桥站近北京南站南苑机场>",入住时间：2018年12月床品很干净入住的时候看到保洁姐姐有清洗上一位客人用过的床单被罩卫生间也很干净房间布置和图片高度一致房东很nice问题都有帮忙解答冬至物语-近南站公益西桥地铁南苑机场>,入住时间：2019年01月住的还是蛮不错的粉黛佳人地铁公益西桥站近北京南站南苑机场>,入住时间：2019年01月感觉很不错天空之镜-近南站机场地铁直达西单天安门>,入住时间：2018年12月很棒交通方便公益西桥地铁站柠檬雅居近南站南苑机场>,入住时间：2018年11月住的时候被人莫名其妙敲门，说是送东西送错了，老板给我升级了房型【粉系马卡龙】四号线公益西桥站近南站南苑机场>,入住时间：2018年12月非常好的入住体验，装修非常温馨，也很干净，而且房东人真的太好了，强推！！！粉黛佳人地铁公益西桥站近北京南站南苑机场>
北京市朝阳区望京明苑小区211号楼,898,29,您将和一群由梦想爱打拼的年轻人一同居住生活，这里大多数是一些科技公司和互联网公司的年轻人和一群创业者、极客。在这里您不仅有温馨的环境可以居住，还有一群志同道合会玩懂生活的小伙伴一起交流思想，碰撞灵感。欢迎来到属于你的驿动空间！【地铁】最近的地铁站是望京地铁站F东北口，距离735米，步行10分钟【公交】361路/851路/966路，侯庄路口北公交站，195米，步行3分钟【加油站】中国石化望京新城奥顺加油站，距离1公里，驾车5分钟【停车场】小区周边马路边可以免费停车，有车位【机场】距离北京首都国际机场18公里，驾车行驶20分钟到达，机场高速，打车约50元,Hello～如您所见，这套公寓是一个整套三室一厅一厨一卫的公寓，我爱这里的每个细节，因为都是我费劲心思设计的少女心主题公寓，这里光线特别好，视野开阔，摆设又吸引人，非常适合家庭出行，情侣出行，朋友聚会！这里空间足够大，可以最多住8人哦，如果你是一家三口带着父母来北京玩或者几个朋友的聚会和旅行，选择这里最最适合不过，性价比绝对超高哦！这里有两张超大的1.8*2米的双人床，床垫是德国进口的五星级豪华床垫，特别舒服；客厅正中间的大柜子拉开门后，是一个独立房间，一张1*1.9米的单人床在上层，下层是一张书桌，可以学习办公，这是我们驿动空间独立研发并生产的空间设计模块家具，而且储物功能非常强大；正对面是一张1.5*2米的隐形床，需要的话放下来就是一张床，我们专门为它添加了帘子，可以享受独立的空间，不需要扶上去就像一个柜子，非常节省空间；阳台上还有一个榻榻米，特别为此在窗帘上挂了星星灯，晚上非常漂亮，还可以在这里看电视，特别受小朋友们的欢迎。【良心品质和我们的价值观】我们请的是五星级服务的保洁做常规打扫，干净整洁，绝对保证床上用品都是一客一换哦！我是我们对保洁的硬指标！【房源特点】1.性价比超高，最多可住8人。2.可看网络电视，浪漫温馨。3.可煮饭烹饪，厨具调料一应俱全，可以在这里大展厨艺。房源描述少女心主题公寓，浪漫至极，很多拍电视剧，做直播的节目组租用这套公寓拍摄，当然能被各个节目组看上，也是我的荣幸！难得出门，就应该住上美的如梦如仙的房子里，这是我设计的第4套梦幻美丽的民宿，我要继续设计，让更多的驴友享受美妙的空间，大爱我的工作！,适宜儿童适宜老人适宜残疾人浴缸,热水淋浴无线网络空调电视电梯门禁系统洗衣机冰箱停车位饮水设备暖气有线网络拖鞋手纸牙具毛巾浴液 洗发水香皂允许做饭允许吸烟允许聚会允许带宠物,驿动空间,Woman,4.8分,暂无,暂无,暂无,暂无,暂无
北京市朝阳区常营鑫兆佳园,339,32,"你将结识勤奋朴实的大众农民描述：简洁现代装修风格，家具家电，Wi-Fi厨房用品齐全，只需要拎包入住，让您有个舒适的睡眠同时，也能足不出户烹饪美食，给您回家的感觉。交通情况：小区离地铁六号线黄渠站六七分钟距离，可以直达南锣鼓巷，北海，另外还有多趟公交车731,488,506,911等直达小区门口，方便不同方式的出行需求。小区东门往东六百米是大型综合购物商场：龙湖长楹天街，对面是华联购物中心，跟家人朋友去买买，去看看新上映的大片都是极好的。距离北京南苑机场33公里，约50分钟车程距离首都国际机场17.6公里，约19分钟车程距离北京站21公里，约40分钟车程距离北京西站30.9公里，约61分钟车程距离北京南站27.7公里，约40分钟车程",小清晰版爱巢，简洁现代装修风格，家具家电，Wi-Fi厨房用品齐全，只需要拎包入住，让您有个舒适的睡眠同时，也能足不出户烹饪美食，给您回家的感觉。,浴缸允许带宠物适宜儿童适宜老人适宜残疾人,热水淋浴无线网络空调电视电梯门禁系统洗衣机冰箱停车位饮水设备暖气有线网络拖鞋手纸牙具毛巾浴液 洗发水香皂允许做饭允许吸烟允许聚会,六号线的家,Woman,4.8分,暂无,暂无,暂无,暂无,暂无
北京市海淀区复兴路61号院,389,31,Hi~欢迎选择青青的家！我来自东北，性格开朗、热情；这是经过我精心布置的美美小屋，适合旅行、出差、求医、短期培训的您！^_^希望我们能够成为朋友，并希望我的小屋能给您的旅途留下美好的记忆。小区正门是复兴路，紧临长安街，打车和开车进来都很方便。出门口左拐300米是公交站，去301医院只需要2站地（1300米）、步行只需要15-20分钟；走300米是地铁万寿路站；如果逛街的话天安门、王府井、西单、八角游乐园，都是一条线不需要换乘。小区西门出来就是超市发超市，附近凯德晶品商场。走路十分钟内就可到光彩明天儿童眼科医院。西门出来超市发门口就有32路公交直达空军总医院(坐3站地走路15分钟)当然更多出行路线可随时咨询我。,我为您准备了舒适整洁的纯棉四件套，祝您入住期间好梦香甜！！小屋朝阳，全天阳光、内配有WIFI、电视，尽请享用。厨房里为您提供餐具厨具冰箱您可自由搭配美食，创造温馨家居生活！浴室24小时热水，您随时可以使用，为您免费提供洗发水，沐浴乳。（考虑到您的卫生和生活习惯，毛巾、牙膏、牙刷、护肤品等洗漱用品还请自带）,电梯停车位浴缸牙具毛巾允许吸烟允许聚会允许带宠物适宜儿童适宜老人适宜残疾人,热水淋浴无线网络空调电视门禁系统洗衣机冰箱饮水设备暖气有线网络拖鞋手纸浴液 洗发水香皂允许做饭,绿竹青青,Man,4.9分,暂无,暂无,暂无,暂无,暂无
北京市朝阳区柏林爱乐小区3期5号楼,340,25,"亲爱的朋友们，非常高兴你能看到我们的房子，我们是一对刚刚转型做民俗的夫妻，我们爱生活，爱旅行，爱运动，爱结交朋友，通过旅行我们发现小猪为我们这些喜欢民俗的旅行者，提供了更快融入一个城市的方式，让我们认识更多朋友，也让我们在旅行中，也能像在家一样舒适，放松，自在，温暖，所以认识到小猪是一种生活方式，也真正理解到分享经济的可行性，所以我们通过小猪分享自己的家，认识更多的朋友，不论你是谁，从哪里来，到这里希望你能如亲人家一样的开心，快乐。友情提示：本人就住在房子附近，如果需要什么帮助，很方便就能找到我，我们会尽我所能的满足你。小区离地铁六号线黄渠站六七分钟距离，可以直达南锣鼓巷，北海，另外还有多趟公交车731,488,506,911等直达小区门口，方便不同方式的出行需求。小区东门往东六百米是大型综合购物商场：龙湖长楹天街，对面是华联购物中心，跟家人朋友去买买，去看看新上映的大片都是极好的。距离北京南苑机场33公里，约50分钟车程距离首都国际机场17.6公里，约19分钟车程距离北京站21公里，约40分钟车程距离北京西站30.9公里，约61分钟车程距离北京南站27.7公里，约40分钟车程",房间宜家装修风格，全部家具都是宜家品牌，符合现在年轻人的口味，床边阳台有个小沙发，没事的时候可以靠着喝杯咖啡听听音乐，舒适的宜家床垫一定会让您有个舒适的睡眠哦，客厅沙发也是宜家品牌的，如果朋友来留宿，拉开沙发就是一个双人床，实用又美观！电视是配有小米盒子的液晶电视，另外百兆宽带满足您的用网需求！厨房用品，浴室用品都给您配备好了，几个朋友一起聚餐露一手吧！客厅的阳台有一个写字台，我们给您配备了电脑，办公条件也满足您哦！,停车位浴缸允许吸烟允许带宠物适宜儿童适宜老人适宜残疾人,热水淋浴无线网络空调电视电梯门禁系统洗衣机冰箱饮水设备暖气有线网络拖鞋手纸牙具毛巾浴液 洗发水香皂允许做饭允许聚会,Emma的小家,Woman,4.9分,暂无,暂无,暂无,暂无,暂无
北京市朝阳区百子湾石门东路沿海赛洛城110号楼,428,46,一个懂得生活的男人的家，我的家每个物品都是看着好看用着舒服，略带骚气又显内敛，哈哈其他房源【梦】http://bj.xiaozhu.com/fangzi/1780047235.html【禅】http://bj.xiaozhu.com/fangzi/1456611435.html【青花风】http://bj.xiaozhu.com/fangzi/2355965662.html开车：广渠路石门东路交叉公交唐家村或者水南庄南站地铁7号线百子湾站出来北京站坐地铁到大望路下车坐11路公交唐家村下车机场快线东直门转到建国门在大望路下车坐11路唐家村下车哦公交31路，439路，11路，541路，23路，地铁7号线，地铁1号线，打车方便,【卧室】豪华舒适的大双人床，超舒适高级床垫，皮质高档家具，纯棉高档床品（干净安全）【厨房】燃气，前牛排不粘锅，刀叉齐全，红酒杯，醒酒器，热水壶，洋酒杯子，时尚餐具【餐厅】烛台，花瓶，开瓶器，花艺【卫生间】24小时热水洗澡，大喷头超爽淋浴，高档洗发沐浴大瓶免费提供，还有高档浴巾和毛巾呦，洗衣机滚筒自动，吹风机，牙刷免费【客厅】联通无线WIFI，拖鞋，批肩，香氛，3人加1人沙发宽敞，高档电视英伦风格，超帅设计风格，各种拍照自拍美美哒,浴缸允许带宠物适宜儿童适宜老人适宜残疾人,热水淋浴无线网络空调电视电梯门禁系统洗衣机冰箱停车位饮水设备暖气有线网络拖鞋手纸牙具毛巾浴液 洗发水香皂允许做饭允许吸烟允许聚会,iHOME民宿沿海店,Woman,4.7分,暂无,暂无,暂无,暂无,暂无
北京市朝阳区常营鑫兆佳园32号楼,320,22,"现代装修风格，配有百兆宽带，急速上网，厨房厨具齐全，液晶电视，舒服的宜家沙发，全套浴室洗漱用品，保证品质的前提下，让您有个舒服的休息环境交通情况：小区离地铁六号线黄渠站六七分钟距离，可以直达南锣鼓巷，北海，另外还有多趟公交车731,488,506,911等直达小区门口，方便不同方式的出行需求。小区东门往东六百米是大型综合购物商场：龙湖长楹天街，对面是华联购物中心，跟家人朋友去买买，去看看新上映的大片都是极好的。距离北京南苑机场33公里，约50分钟车程距离首都国际机场17.6公里，约19分钟车程距离北京站21公里，约40分钟车程距离北京西站30.9公里，约61分钟车程距离北京南站27.7公里，约40分钟车程","交通情况：小区离地铁六号线黄渠站六七分钟距离，可以直达南锣鼓巷，北海，另外还有多趟公交车731,488,506,911等直达小区门口，方便不同方式的出行需求。小区东门往东六百米是大型综合购物商场：龙湖长楹天街，对面是华联购物中心，跟家人朋友去买买，去看看新上映的大片都是极好的。距离北京南苑机场33公里，约50分钟车程距离首都国际机场17.6公里，约19分钟车程距离北京站21公里，约40分钟车程距离北京西站30.9公里，约61分钟车程距离北京南站27.7公里，约40分钟车程",适宜儿童适宜老人适宜残疾人浴缸,热水淋浴无线网络空调电视电梯门禁系统洗衣机冰箱停车位饮水设备暖气有线网络拖鞋手纸牙具毛巾浴液 洗发水香皂允许做饭允许吸烟允许聚会允许带宠物,六号线的家,Woman,4.6分,暂无,暂无,暂无,暂无,暂无
北京市海淀区中关村南大街乙8号院,568,30,"怀里装着梦想，享受这个城市的慷慨，也承受着时浓时淡的乡愁。我尊重每一个装着梦想的心，无论它是在期盼旅行、学业有成还是一次充满诱惑的工作机会，天下家,皆为爱而聚。因爱成”家“！在这北京的家里也让你感觉到和自己家里一样的亲切！你将接触一个热情、爱分享和热爱音乐的大男生，让我们一起感受首都的古色古韵和悠久的历史文化！建筑设计内部空间宽敞，居住舒适。之前也是按照自住的豪华标准装修的，设施设备齐全，也是格外爱惜。对即将入住的您也有一点点要求:1、一定要爱惜房子，希望您是喜欢家里的风格才来入住，不要破坏家里的任何家具和设施，保持屋子的干净整洁。相信您也是一个热爱生活的人；2、入住之后请不要大声喧哗，不要影响左右邻居休息；3、临走时请将自己的垃圾带走、方便下个住户入住；紧邻地铁人民大学站4号线、东南出口，到小区100米北京公交车经过(停靠)人民大学的公交车线路有：209路、320路、320路区间、323路、332路、355路、365路、384路、601路、608路、614路、653路、683路、689路、697路、699路、717路、718路、85路、地铁4号线、特4路、特6路、运通105路、运通106路、运通205路。",房子是两室一厅现代精装修、室内设施齐全、户型的设计和装修风格给人一种很舒适的感觉。沙发、液晶电视、百兆光纤无限WIFI全覆盖、全自动洗衣机、空调、做饭设备等应有尽有、不管你是出差、旅游、学习、完全出门在外感觉回到自己的家里一样舒适、小区24小时保安、热水、淋浴。这里，不但是你商务出行，短期驻留的不二之选，更是您居家旅游、休闲度假的理想选择！还是你爱情升华友情升温的最佳殿堂哦！,电梯停车位饮水设备浴缸有线网络毛巾香皂允许聚会允许带宠物适宜儿童适宜老人适宜残疾人,热水淋浴无线网络空调电视门禁系统洗衣机冰箱暖气拖鞋手纸牙具浴液 洗发水允许做饭允许吸烟,一路在逋,Man,4.8分,暂无,暂无,暂无,暂无,暂无
北京市朝阳区望京园609号楼悠乐汇A区,488,36,"【Coco'shome】日式民居,地处望京核心区域,闹中取静,美丽夜景。房间内设施齐全,洗衣做饭,小酌观影。出行十分便利,距地铁仅需步行300米,距机场车程25分钟,乘地铁直达北京南火车站,多条公交车线,住处可自助租用电动汽车。24小时保安。房东Coco十分热情友好,随时愿意为房客提供各种问题的咨询和帮助。[Coco'shome]Japanesestyle,LocatedinthecenterofWangjing.Roomfacilities,candrink,washingandcooking,watchingmovies.Travelisveryconvenient,only300meterswalkfromthesubway,25minutesdrivefromtheairport,takethesubwaytoBeijingSouthRailwayStationdirectly,busline,alsocanbeselfrentelectriccars.Providing24hourssecurity.ThelandlordCocoisverywarmandfriendlyandisalwayswillingtoprovideadviceandassistancetoguestsonvariousissues.步行至地铁14号线阜通站仅需5分钟。","房源整体环境干净整洁舒适,日式装修风格,富有特色,别具一格。房源夜景十分漂亮,可直观望京核心建筑望京SOHO,出则繁华,入则宁静。房源周边均为高档商区住宅区,治安良好,房源提供24小时保安,住宿更为安心。房源楼下即是一条商街,多种餐饮美食咖啡休闲场所,移步即到,最著名的""望京小腰""老店就在这里。Housingoverallenvironmentclean,cleanandcomfortable,Japanesestyledecoration,uniquefeatures,unique.Nightsceneisverybeautiful,canbeintuitive,WangjingcorearchitectureWangjingSOHO,outofthebustling,intothequiet.Housesaresurroundedbyhigh-gradecommercialdistrictresidentialareas,goodpublicsecurity,housingprovides24hourssecurity,accommodationmorereassuring.Housesdownstairsisacommercialstreet,avarietyoffooddelicacycoffeeandleisureplaces,goto,themostfamous""Wangjingsmallwaist""shophere.",浴缸牙具允许吸烟允许聚会允许带宠物适宜儿童适宜老人适宜残疾人,热水淋浴无线网络空调电视电梯门禁系统洗衣机冰箱停车位饮水设备暖气有线网络拖鞋手纸毛巾浴液 洗发水香皂允许做饭,COCO_LV,Woman,4.9分,暂无,暂无,暂无,暂无,暂无
北京市房山区拱辰街道,269,22,"房东本人从事创维电器事业,地道北京人,热情好客,为人直爽.自己出去旅行出差都喜欢住短租房,也希望把这种方便带给来旅游的朋友和大学城周边的老师和同学们.紧邻地铁房山线(理工大学站),距离北京西站40分钟.周边公交房34,896,环城1.大学城附近,享受所有配套设施.","房间为50平米单间公寓,全部为房东精心设计,温馨浪漫,特别合适体验生活的朋友来住.房间各种电器应俱全,可以做饭,让你小试身手!小区配套设施非常全面,24小时保安,免费停车!",浴缸有线网络允许带宠物适宜儿童适宜老人适宜残疾人,热水淋浴无线网络空调电视电梯门禁系统洗衣机冰箱停车位饮水设备暖气拖鞋手纸牙具毛巾浴液 洗发水香皂允许做饭允许吸烟允许聚会,梅子0529,Woman,5分,暂无,暂无,暂无,暂无,暂无
北京市海淀区学院路（圣熙八号向北200百林业农业大学）,338,19,嗨~您好我是丹妮，请您在预览我的房源有意向预订时先和我沟通，您的问题我将一一解答，确保您对房源的交通位置周边环境内部设施都满意的情况下再预订。不接受聚餐入住人数请如实填写。距离当天日期10天后的房子4天起订，只预订1天的房子距离入住日期天内可定只预订2天的距离入住日期5天内可定，请先沟通再下订单沟通都没有问题清楚没有问题的时候再下订单，不然可能会因为不符合要求需要取消订单，请配合感谢[爱心]房间提供免费做饭(厨具碗筷调料)但是做完饭需要清理干净厨具碗筷，否则收取深度清洁费50元[爱心]希望您用几分钟来阅读以上所述，希望我的房子能给您和您的家人朋友提供家一样的温馨舒适，在入住房间期间能像爱惜自己家一样爱惜我的房子，保持房间干净用品无污渍，不然清洗不下需要赔付，如有其他问题请和我沟通，在入住过程中出现任何问题请告知我会及时处理，如住宿满意请您对房屋做出5分高评，再您认可了房屋价格和其他方面确定入住再下订单，希望善意的您不要再认可价格或者其他之后给出差评或者中评。不接受聚餐入住人数请如实填写房间提供免费做饭(厨具碗筷调料)但是做完饭需要清理干净厨具碗筷厨房恢复原样，不然会扣取100元深度保洁费，[爱心]房屋位于海淀区学院路距离最近地铁15号线六道口1.2公里，公交站学知园石板房林大北路东口只需300米，房屋300米内有圣熙八号购物中心，商场美廉美大超市影院Ktv和众多美食可选满足您的蓓蕾，距离房租最近的高校是林大和农大只需700米左右便可步行到达，其次是清华地质北语矿大均在2公里左右，楼下有随手可及的共享单车或者是坐几站公交到达，从公交站可直达鸟巢圆明园。[爱心]此房为整套开间一居室房屋装扮请看网站实拍图片，房屋内部提供双人床沙发茶几饭桌书桌电视独享无线，厨房有厨具炒锅煮锅电饭煲做饭刀具餐具油盐酱醋洗洁精，洗手间有24小时热水洗发水沐浴露洗手液洗衣液全自动洗衣机，在洗手间旁边有一间独立橱衣间行李可以放置橱衣间不占用房租使用面积。[爱心]一居室正常入住人数为2人您所看到的价格为2人价格，进入房间人数超过2人将多加20一人，如要过夜需加30一人，我将会为您免费提供床品。[爱心]房屋是智能密码锁安全放心，床上用品每客一换阿姨每客一扫入住时间超过15天将在中途免费清扫一次。位于农业大学北面，林业大学东面，圣熙八号购物中心旁边。200米内有学知园公交站、林业大学北路东口公交站，1公里内有六道口地铁站。楼下有随手可及的小黄车可以骑吆~~,墙壁干净明亮，全新家具。厨房有:燃气灶、油烟机、电磁炉、炒锅、汤锅、刀叉案板、油盐酱醋鸡精等调味料。卧室有电视、空调、电冰箱、微波炉、热水壶、书桌、藤椅、衣柜等。卫生间有洗衣机、吹风机、淋浴喷头、洗发水沐浴露等洗漱用品。,停车位浴缸牙具毛巾适宜儿童适宜老人适宜残疾人,热水淋浴无线网络空调电视电梯门禁系统洗衣机冰箱饮水设备暖气有线网络拖鞋手纸浴液 洗发水香皂允许做饭允许吸烟允许聚会允许带宠物,a丹妮的家,Woman,4.8分,暂无,暂无,暂无,暂无,暂无
北京市海淀区学院路学清路,418,25,嗨~您好我是丹妮，请您在预览我的房源有意向预订时先和我沟通，您的问题我将一一解答，确保您对房源的交通位置周边环境内部设施都满意的情况下再预订。不接受聚餐入住人数请如实填写。距离当天日期10天后的房子4天起订，只预订1天的房子距离入住日期3天内可定只预订2天的距离入住日期5天内可定，请先沟通再下订单沟通都没有问题清楚没有问题的时候再下订单，不然可能会因为不符合要求需要取消订单，请配合感谢[爱心]房间提供免费做饭(厨具碗筷调料)但是做完饭需要清理干净厨具碗筷，否则收取深度清洁费50元[爱心]希望您用几分钟来阅读以上所述，希望我的房子能给您和您的家人朋友提供家一样的温馨舒适，在入住房间期间能像爱惜自己家一样爱惜我的房子，保持房间干净用品无污渍，不然清洗不下需要赔付，如有其他问题请和我沟通，在入住过程中出现任何问题请告知我会及时处理，如住宿满意请您对房屋做出5分高评，再您认可了房屋价格和其他方面确定入住再下订单，希望善意的您不要再认可价格或者其他之后给出差评或者中评。房间提供免费做饭但是做完饭需要清理干净厨具碗筷厨房恢复原样，不然会扣取50元深度保洁费[爱心]房屋位于海淀区学院路距离最近地铁15号线六道口1.2公里，公交站学知园石板房林大北路东口只需300米，房屋300米内有圣熙八号购物中心，商场美廉美大超市影院Ktv和众多美食可选满足您的蓓蕾，距离房租最近的高校是林大和农大只需700米左右便可步行到达，其次是清华地质北语矿大均在2公里左右，楼下有随手可及的共享单车或者是坐几站公交到达，从公交站可直达鸟巢圆明园。[爱心]此房为整套开间一居室房屋装扮请看网站实拍图片，房屋内部提供双人床沙发茶几饭桌书桌电视独享无线，厨房有厨具炒锅煮锅电饭煲做饭刀具餐具油盐酱醋洗洁精，洗手间有24小时热水洗发水沐浴露洗手液洗衣液全自动洗衣机，在洗手间旁边有一间独立橱衣间行李可以放置橱衣间不占用房租使用面积。[爱心]一居室正常入住人数为2人您所看到的价格为2人价格，进入房间人数超过2人将多加20一人，如要过夜需加30一人，我将会为您免费提供床品。[爱心]房屋是智能密码锁安全放心，床上用品每客一换阿姨每客一扫入住时间超过15天将在中途免费清扫一次。[爱心]希望您用几分钟来阅读以上所述，希望我的房子能给您和您的家人朋友提供家一样的温馨舒适，在入住房间期间能像爱惜自己家一样爱惜我的房子，保持房间干净用品无污渍，不然清洗不下需要赔付，如有其他问题请和我沟通，在入住过程中出现任何问题请告知我会及时处理，如住宿满意请您对房屋做出5分高评，再您认可了房屋价格和其他方面确定入住再下订单，希望善意的您不要再认可价格或者其他之后给出差评或者中评。楼下有3个公交站牌，林大北路东口公交站，石板房公交站，学知园公交站；距离15号线六道口步行900米，去哪都备儿方便~~旁边200米处有个超级棒的购物中心圣熙八号购物中心这里吃喝玩乐样样齐全帅哥美女也好多好多哦~楼下也有随手可及的小黄单车可以骑哦,独特地中海风格装饰，宽敞而采光好；配备实木双人床，精品床品，沙发，衣柜，书桌，餐桌等等家具；配备台灯，空调，电视机，网络电视盒，冰箱，洗衣机，吹风机等等家电。,停车位浴缸有线网络牙具毛巾允许聚会适宜儿童适宜老人适宜残疾人,热水淋浴无线网络空调电视电梯门禁系统洗衣机冰箱饮水设备暖气拖鞋手纸浴液 洗发水香皂允许做饭允许吸烟允许带宠物,a丹妮的家,Woman,4.8分,暂无,暂无,暂无,暂无,暂无
北京市朝阳区石门东路,598,33,很喜欢青花这样的文化，从瓷器到壁纸，窗帘，都是青花风，平时喜欢画画，美食，也是一仗文艺，喜欢聚会，喜欢收藏，房间乱七八糟很多有趣的东西，希望认识有意思的人和故事~开车：广渠路石门东路交叉公交唐家村或者水南庄南站地铁7号线百子湾站出来北京站坐地铁到大望路下车坐11路公交唐家村下车机场快线东直门转到建国门在大望路下车坐11路唐家村下车哦公交31路，439路，11路，541路，23路，地铁7号线，地铁1号线，打车方便,【卧室】豪华舒适的大双人床，超舒适高级床垫，皮质高档家具，纯棉高档床品（干净亲肤）【厨房】燃气，前牛排不粘锅，刀叉齐全，红酒杯，醒酒器，热水壶，洋酒杯子，时尚餐具【餐厅】烛台，花瓶，开瓶器，花艺【卫生间】24小时热水洗澡，大喷头超爽淋浴，高档洗发沐浴大瓶免费提供，还有高档浴巾和毛巾呦，洗衣机滚筒自动，吹风机，牙刷免费【客厅】联通无线WIFI，拖鞋，批肩，香氛，3人加1人沙发宽敞，高档电视,停车位饮水设备浴缸允许带宠物适宜儿童适宜老人适宜残疾人,热水淋浴无线网络空调电视电梯门禁系统洗衣机冰箱暖气有线网络拖鞋手纸牙具毛巾浴液 洗发水香皂允许做饭允许吸烟允许聚会,iHOME民宿沿海店,Woman,5分,暂无,暂无,暂无,暂无,暂无
北京市海淀区学清路,418,21,嗨~您好我是丹妮，请您在预览我的房源有意向预订时先和我沟通，您的问题我将一一解答，确保您对房源的交通位置周边环境内部设施都满意的情况下再预订。不接受聚餐入住人数请如实填写。距离当天日期10天后的房子4天起订，只预订1天的房子距离入住日期3天内可定只预订2天的距离入住日期5天内可定，请先沟通再下订单沟通都没有问题清楚没有问题的时候再下订单，不然可能会因为不符合要求需要取消订单，请配合感谢[爱心]房间提供免费做饭(厨具碗筷)但是做完饭需要清理干净厨具碗筷，否则收取深度清洁费50块不接受聚餐入住人数请如实填写，房间提供免费做饭但是做完饭需要清理干净厨具碗筷厨房恢复原样，不然会扣取50元深度保洁费[爱心]。房屋位于海淀区学院路距离最近地铁15号线六道口1.2公里，公交站学知园石板房林大北路东口只需300米，房屋300米内有圣熙八号购物中心，商场美廉美大超市影院Ktv和众多美食可选满足您的蓓蕾，距离房租最近的高校是林大和农大只需700米左右便可步行到达，其次是清华地质北语矿大均在2公里左右，楼下有随手可及的共享单车或者是坐几站公交到达，从公交站可直达鸟巢圆明园。[爱心]此房为整套开间一居室房屋装扮请看网站实拍图片，房屋内部提供双人床沙发茶几饭桌书桌电视独享无线，厨房有厨具炒锅煮锅电饭煲做饭刀具餐具洗洁精，洗手间有24小时热水洗发水沐浴露洗手液洗衣液全自动洗衣机，在洗手间旁边有一间独立橱衣间行李可以放置橱衣间不占用房租使用面积。[爱心]一居室正常入住人数为2人您所看到的价格为2人价格，进入房间人数超过2人将多加20一人，如要过夜需加30一人，我将会为您免费提供床品。[爱心]房屋是智能密码锁安全放心，床上用品每客一换阿姨每客一扫入住时间超过15天将在中途免费清扫一次。[爱心]希望您用几分钟来阅读以上所述，希望我的房子能给您和您的家人朋友提供家一样的温馨舒适，在入住房间期间能像爱惜自己家一样爱惜我的房子，保持房间干净用品无污渍，不然清洗不下需要赔付，如有其他问题请和我沟通，在入住过程中出现任何问题请告知我会及时处理，如住宿满意请您对房屋做出5分高评，再您认可了房屋价格和其他方面确定入住再下订单，希望善意的您不要再认可价格或者其他之后给出差评或者中评。300米到达3个公交站牌内，楼下随手可及的共享单车骑行不到5分钟到达距离1公里的15号线六道口，公交直达鸟巢清北北医三院等,个性鹿系森林风，宽敞而采光好；配备实木双人床，精品床品，沙发，衣柜，书桌，餐桌等等家具；配备台灯，空调，电视机，网络电视盒，冰箱，洗衣机，吹风机等等家电。,停车位浴缸有线网络牙具毛巾允许聚会适宜儿童适宜老人适宜残疾人,热水淋浴无线网络空调电视电梯门禁系统洗衣机冰箱饮水设备暖气拖鞋手纸浴液 洗发水香皂允许做饭允许吸烟允许带宠物,a丹妮的家,Woman,4.9分,暂无,暂无,暂无,暂无,暂无
北京市海淀区蓟门桥和景园小区,598,25,"怀装着梦想，享受这个城市的慷慨，也承受着时浓时淡的乡愁。我尊重每一个装着梦想的心，无论它是在期盼旅行、学业有成还是一次充满诱惑的工作机会，天下家,皆为爱而聚。因爱成”家“！在这北京的家里也让你感觉到和自己家里一样的亲切！你将接触一个热情、爱分享和热爱音乐的大男生，让我们一起感受首都的古色古韵和悠久的历史文化！建筑设计内部空间宽敞，居住舒适。之前也是按照自住的豪华标准装修的，设施设备齐全，也是格外爱惜。对即将入住的您也有一点点要求:1、一定要爱惜房子，希望您是喜欢家里的风格才来入住，不要破坏家里的任何家具和设施，保持屋子的干净整洁。相信您也是一个热爱生活的人；2、入住之后请不要大声喧哗，不要影响左右邻居休息；3、临走时请将自己的垃圾带走、方便下个住户入住；城铁路线：位于知春路城铁（10号线、13号线）换乘站15分钟，西土城地铁站5分钟，大钟寺地铁5分钟左右，地理位置非常有优势，交通四通八达，蓟门桥-公交站途经公交车：21路80路84路94路304路375路375区间392路438路498路617路632路658路693路机场大巴公主坟线机场大巴公主坟夜班线夜14路运通103线，北三环主路300路",房子是两室的、小区的算知春路和西土城附近比较好的社区、室内设施齐全、户型的设计和现代的装修风格给人一种舒适和感。沙发、液晶电视、百兆光纤无限WIFI全覆盖、全自动洗衣机、空调、微波炉、做饭设备等应有尽有、完全出门在外感觉回到自己的家里一样舒适、有电梯、小区24小时保安电梯、热水、淋浴。这里，不但是你商务出行，短期驻留的不二之选，更是您居家旅游、休闲度假的理想选择！还是你爱情升华友情升温的最佳殿堂哦！,停车位浴缸有线网络牙具毛巾允许吸烟允许聚会允许带宠物适宜儿童适宜老人适宜残疾人,热水淋浴无线网络空调电视电梯门禁系统洗衣机冰箱饮水设备暖气拖鞋手纸浴液 洗发水香皂允许做饭,一路在逋,Man,5分,暂无,暂无,暂无,暂无,暂无
北京市海淀区清华东路,488,28,嗨~您好我是丹妮，请您在预览我的房源有意向预订时先和我沟通，您的问题我将一一解答，确保您对房源的交通位置周边环境内部设施都满意的情况下再预订。不接受聚餐入住人数请如实填写。距离当天日期10天后的房子4天起订，只预订1天的房子距离入住日期3天内可定只预订2天的距离入住日期5天内可定，请先沟通再下订单沟通都没有问题清楚没有问题的时候再下订单，不然可能会因为不符合要求需要取消订单，请配合感谢[爱心]房间提供免费做饭(厨具碗筷调料)但是做完饭需要清理干净厨具碗筷，否则收取深度深度清洁费不接受聚餐入住人数请如实填写房间提供免费做饭但是做完饭需要清理干净厨具碗筷厨房恢复原样，不然会扣取50元深度保洁费[爱心]此房为整套2居室房屋装扮请看网站实拍图片，房屋内部提供双人床沙发茶几饭桌书桌电视独享无线，厨房有厨具炒锅煮锅电饭煲做饭刀具餐具油盐酱醋洗洁精，洗手间有24小时热水洗发水沐浴露洗手液洗衣液全自动洗衣机，在洗手间旁边有一间独立橱衣间行李可以放置橱衣间不占用房租使用面积。[爱心]2居室正常入住人数为4人您所看到的价格为4人价格，进入房间人数超过2人将多加20一人，如要过夜需加30一人，我将会为您免费提供床品。[爱心]房屋是智能密码锁安全放心，床上用品每客一换阿姨每客一扫入住时间超过15天将在中途免费清扫一次。[爱心]希望您用几分钟来阅读以上所述，希望我的房子能给您和您的家人朋友提供家一样的温馨舒适，在入住房间期间能像爱惜自己家一样爱惜我的房子，保持房间干净用品无污渍，不然清洗不下需要赔付，如有其他问题请和我沟通，在入住过程中出现任何问题请告知我会及时处理，如住宿满意请您对房屋做出5分高评，再您认可了房屋价格和其他方面确定入住再下订单，希望善意的您不要再认可价格或者其他之后给出差评或者中评。房屋位于海淀区清华东路距离最近地铁15号线六道口200多米，公交站六道口学院路北口只需300米，房屋500米处有圣熙八号购物中心，商场美廉美大超市影院Ktv和众多美食可选满足您的蓓蕾，步行1.2公里将到达北京的宇宙中心五道口，这里有五道口购物中心，华联超市影院酒吧各种美食美女帅哥~距离房租最近的高校是矿大只需200米，其次林大和农大北语地质只需700米左右便可步行到达，步行清华只需1.6公里楼下有随手可及的共享单车或者是坐几站公交到达，从公交站可直达鸟巢圆明园。,房间内部民族风情装饰风格，有鲜花绿植挂画，感觉清新舒适并且配置有书桌沙发茶几20多平米的房间还有一个大阳台~次卧主要由蓝色壁纸个性挂画外加一点鲜花点缀整体也很舒适吆也配置有书桌。,电梯停车位浴缸有线网络牙具毛巾允许聚会适宜儿童适宜老人适宜残疾人,热水淋浴无线网络空调电视门禁系统洗衣机冰箱饮水设备暖气拖鞋手纸浴液 洗发水香皂允许做饭允许吸烟允许带宠物,a丹妮的家,Woman,5分,5分,5分,5分,5分,5分
OK安然OK,ArchitectD,刹澜,永阿童木,科萌爱学习,7灰枣儿,烙饼自己做饭,爱它痴狂,y2随遇而安,jj58hh,天雪潇,LUEy72,Marblekg,研究皮卡丘,独舞苍穹,郑炜杰,刘雯赫,12牛爷,甜的呀
入住时间：2019年04月挺宽敞的。,入住时间：2019年04月挺温馨的小屋。如果有毛巾和卷纸就更好了。卫生间地漏下水慢，床垫上没有褥子，弹簧硬。,入住时间：2018年12月很温馨舒适的房子，个人很喜欢位置也不错，房东小姐姐很有耐心房东回复:哈哈，很有礼貌的姑娘，期待再次合作哈,入住时间：2018年12月环境非常好，卫生也非常干净房东回复:感谢您的认可哈，期待再次合作,入住时间：2018年11月住得很舒服房东回复:感谢您的支持，欢迎再来奥,入住时间：2018年10月很棒棒，家人来北京旅游住了两晚。环境可以，很幽静。家里干净整洁，收拾的挺好的。老板人很好。着急没有拍照片。房东回复:感谢您的支持与肯定，欢迎再来哈,入住时间：2018年10月好好好。很好的地方。房东回复:感谢您对丹妮家支持，欢迎再来哈,入住时间：2018年09月体验很好的一次房东回复:灰常灰常好沟通哦超级有礼貌有素质~感谢选择我的房源并喜欢，一定要再来哦，,入住时间：2018年08月屋子很温馨，也很干净，可以自己做饭吃，非常方便。房东回复:很好沟通的姐姐房间入住完依然干净欢迎再来,入住时间：2018年07月房东人很好，想去长城但是天气不好，还提醒我下雨天最好不去长城，推荐我去了故宫！出行也挺方便的，打车也不算贵因为是带老人来玩，所以出门都一般打车了房东回复:灰常好沟通哦有礼貌入住完的房间依然干净欢迎再来吆特价机场20分钟/地铁直达国展望京温馨一居室>,入住时间：2019年05月安静好住，很好五道口步行数所高校直达鸟巢圆明园现代风一居>,入住时间：2019年05月确实不错，卫生也整洁，性价比比较高，很宽敞。房东回复:欢迎再来哈五道口步行数所高校直达鸟巢圆明园现代风一居>,入住时间：2019年05月整个体验很不错，房东人很好，解答问题也很快。做饭什么都没有问题，周围有超市，都很方便！房东回复:欢迎再来哈六道口步行数所高校旁鸟巢圆明园舒适一居>,入住时间：2019年05月房子基本和图片相同，很舒服的一居室，离清北都不远，附近就有商场，生活非常便利~一个人住了一周，感觉也非常安全~下次还有机会来北京的话还会考虑定这家的~特价机场20分钟/地铁直达国展望京欧式公寓②>,入住时间：2019年05月很不错，安静，温馨，交通也算便利，房东美女也很有耐心，一一解答问题，很不错的一次体验房东回复:很好，欢迎再来邮轮中心东渡路靠山靠海优美典雅三居室>,入住时间：2019年05月环境很好，房间床铺也大里面设备也是很齐全的，值得推荐五道口步行数所高校直达鸟巢圆明园欧式一居室>,入住时间：2019年04月特价的时候定的，离第二天上班的地方超近，房屋很舒适，条件很好，衣柜里面有很多被子，是一次不错的体验，下次还会再来五道口步行数所高校直达鸟巢圆明园欧式一居室>,入住时间：2019年04月洗浴的喷头不好联系换个，洗澡时皮肤有划伤房东回复:好咧没问题这就更换五道口步行数所高校直达鸟巢圆明园欧式一居室>,入住时间：2019年04月灰常棒房东人好房子也不错房东回复:tr感谢入住感谢对于房子的认可和喜爱欢迎再来吆地铁200米步行人大近清华北大圆明园颐和园>
北京市朝阳区望京东园109号楼,798,24,您将结识一群有梦想爱打拼的年轻人，这里大多数是一些科技公司和互联网公司的年轻人和一群创业者、极客。在这里您不仅有温馨的环境可以居住，还有一群志同道合会玩懂生活的小伙伴一起交流思想，碰撞灵感。欢迎来到属于你的驿动空间！【地铁】最近的地铁站是望京东地铁站C东南口，距离598米，步行8分钟【公交】快速直达专线8路，融科橄榄城公交站，322米，步行5分钟【加油站】中国石化望京新城奥顺加油站，距离1.5公里，驾车6分钟【停车场】小区周边马路边可以免费停车，有车位【机场】距离北京首都国际机场17公里，驾车行驶20分钟到达，机场高速，打车约50元,Hello～如您所见，这套公寓是一个整套两室一厅一厨一卫的公寓，我爱这里的每个细节，因为都是我费劲心思设计的FlyingCloud主题公寓，这里光线特别好，视野开阔，摆设又吸引人，非常适合家庭出行，情侣出行，朋友聚会，商务办公！这里空间足够大，可以最多住6人哦，如果你是一家三口带着父母来北京玩或者几个朋友的聚会和旅行，出差，选择这里最最适合不过，性价比绝对超高哦！这里有两张超大的1.8*2米的双人床，床垫是德国进口的五星级豪华床垫，特别舒服；还有一张宜家高档1.5*2米的沙发双人床，人多或者想要自己睡一张床可以用，不需要扶起来就是沙发，非常舒适，坐在这里可以观看电视。【良心品质和我们的价值观】我们请的是五星级服务的保洁做常规打扫，干净整洁，绝对保证床上用品都是一客一换哦！我是我们对保洁的硬指标！【房源特点】1.性价比超高，最多可住6人。2.可看有限电视，浪漫温馨。3.小区在望京SOHO对面，是一个新建的社区，环境非常棒！出小区就是新荟城购物商场，一层是生活超市，二层三层是服装，四层五层是美食，六层是电影院，生活超级便利。4.这套房子特别为有宝宝的家庭打造，次卧是飞屋环游记主题，客厅可以还有一个供宝宝嬉戏玩耍的帐篷，并配备了可爱的抱枕。房源描述FlyingCloud主题公寓，浪漫至极，很多拍电视剧，做直播的节目组租用这套公寓拍摄，当然能被各个节目组看上，也是我的荣幸！难得出门，就应该住上美的如梦如仙的房子里，这是我设计的第6套梦幻美丽的民宿，我要继续设计，让更多的驴友享受美妙的空间，大爱我的工作！,适宜儿童适宜老人适宜残疾人浴缸,热水淋浴无线网络空调电视电梯门禁系统洗衣机冰箱停车位饮水设备暖气有线网络拖鞋手纸牙具毛巾浴液 洗发水香皂允许做饭允许吸烟允许聚会允许带宠物,驿动空间,Woman,4.9分,暂无,暂无,暂无,暂无,暂无
北京市房山区拱辰街道时代广场,278,22,"房东本人从事创维电器事业,地道北京人,热情好客,为人直爽.自己出去旅行出差都喜欢住民宿,也希望把这种方便带给来旅游的朋友和大学城周边的老师和同学们.紧邻地铁房山线(理工大学站),距离北京西站40分钟.周边公交房34,896,环城1.大学城附近,享受所有配套设施.","房间为32平米loft,落地窗，全部为房东精心设计,温馨浪漫,特别合适体验生活的朋友来住.房间各种电器应俱全,可以做饭,让你小试身手!小区配套设施非常全面,24小时保安,免费停车!",浴缸有线网络允许聚会允许带宠物适宜儿童适宜老人适宜残疾人,热水淋浴无线网络空调电视电梯门禁系统洗衣机冰箱停车位饮水设备暖气拖鞋手纸牙具毛巾浴液 洗发水香皂允许做饭允许吸烟,梅子0529,Woman,4.7分,暂无,暂无,暂无,暂无,暂无
北京市朝阳区沿海赛洛城,420,23,第一次做民宿，沉醉于软装设计我把梦想的生活方式揉进这里，大到家具家电，小到餐具饰品，都是精挑细选希望我精心布置的房间能带给你家的感觉，减少对这个城市初来乍到的陌生感～当然，这里并不完美，您遇到任何问题请随时跟我沟通，我会尽力为您解决希望您是愿意沟通，善良礼貌的人，习惯中差评的我们一律不接待感谢您对房子的喜欢，这是我们继续努力的动力～您可能关心的问题【关于卫生】：卫生是重中之重，房间每客一扫，床品每客一换，如果入住期间需要打扫收取50元清洁费。【图片真实性】：房子经过网站工作人员验真，照片为网站摄影师实拍，所见即所得【如何预定】：我们会及时更新房态信息，房间在可预定状态下都有房，欢迎自助下单，房子是密码锁，入住之前，我会把房间具体地址和密码发给您～【关于押金】：由网站代收押金500元，退房后保洁打扫完毕将押金原路返回【关于优惠】：日租价格已是最低，不议价，7天以上订单95折，30天以上9折【入住人数】：最多4人！！【入住及退房时间】：正常入住时间为下午2点，退房时间中午12点，如果您需要提前入住或延迟退房，请务必提前与我沟通【关于停车】：小区有地面收费停车场，车位充足【能否提前看房】：房东距离房源所在位置较远，且图片及房源描述经由网站审核通过，所见即所得，不支持提前看房【商业拍摄】：欢迎商业拍摄，但会根据入内人数和拍摄性质收取一定额外费用，如需详细了解请私信咨询。如有发现未经通知的情况下擅自进行商业拍摄，恕将您立即请出。【关于聚会】：禁止聚会【开具发票】：如需发票，可在预定时选择需要发票，平台收取相应税点【其他费用】：在您遵守房屋守则的情况下，无任何加收费用，请您放心北京的地铁线路如同蜘蛛网般交叉，地铁没有堵车的烦恼，离地铁近就是王道～赛洛城小区到地铁口步行距离600米～地铁直达欢乐谷，天坛，前门大街，北京西站到天安门等景区10公里以内～,北京著名的网红社区，住着很多时髦人儿，距离7号线百子湾地铁步行700米，小区配套设施完善，每个单元都有保安，居住安全，有电梯，密码锁出入很方便～loft户型，为了满足更多人入住的需求，楼上楼下分别放了一张双人床，2.4米超级大被子，房主精心挑选的高密度面料床品保证一客一换房间主灯是散发温和暖光的羽毛灯，房主担心亮度不够，添加了很多小彩灯和落地灯，这样的点光源不刺眼，更舒服，而且拍照巨好看，照出你颜值的巅峰~【厨房】提供全套厨具及精美餐具，免费的调料和大米，快来大展厨艺别忘了晒图哦~【洗手间】高档厚实的毛巾浴巾，大功率吹风机，洗浴用品，一次性洗漱用品，卸妆棉，拖鞋，洗衣液，消毒液，房主能想到的都准备了，欢迎补充除此之外，空调，微波炉，冰箱，全自动洗衣机，wifi，24小时热水，也应有尽有哦,浴缸有线网络允许吸烟允许聚会允许带宠物适宜儿童适宜老人适宜残疾人,热水淋浴无线网络空调电视电梯门禁系统洗衣机冰箱停车位饮水设备暖气拖鞋手纸牙具毛巾浴液 洗发水香皂允许做饭,小马佳佳,Woman,4.9分,暂无,暂无,暂无,暂无,暂无
北京市朝阳区百子湾 沿海赛洛城,448,29,Hi~我是一个偏爱白色的人，我向往房间里有大大的落地窗，我向往房间里的每样东西，都是美好且有故事的，作为宅女，家就是让我最舒服，最安全的地方。小白是人见人爱的房子，我也付出了很多很多，才有了今天的家，所以希望你也和我一样，能在这里感受幸福。开车：广渠路石门东路交叉，公交：唐家村或者水南庄南站；地铁：7号线，百子湾站出来，北京站坐地铁到大望路下车，坐11路公交唐家村下车；机场快线东直门转到建国门在大望路下车，坐11路唐家村下车哦，公交31路，439路，11路，541路，23路，地铁7号线，地铁1号线，打车方便。,房间配有舒适的大双人床、高级床垫、皮质家具等。可以做饭啦，红酒杯、醒酒器、、好看的碗，萌萌哒。24小时热水洗澡、无线WIFI，还有高档浴巾和毛巾呦。超帅设计风格，各种拍照自拍美美哒。毛巾、牙刷、沐浴洗发、吹风机、拖鞋都有都有哒。很舒服的床垫！很舒服的床品！都是精心挑选啦。,浴缸允许聚会允许带宠物适宜儿童适宜老人适宜残疾人,热水淋浴无线网络空调电视电梯门禁系统洗衣机冰箱停车位饮水设备暖气有线网络拖鞋手纸牙具毛巾浴液 洗发水香皂允许做饭允许吸烟,iHOME民宿沿海店,Woman,4.9分,暂无,暂无,暂无,暂无,暂无
北京市朝阳区百子湾 沿海赛洛城,398,27,一个充满异域色彩的体验，真正不同的房子，享受这慵懒的氛围。绝对爱上这种简单快乐的生活哲学。挑空4米，宽敞空间！开车：广渠路石门东路交叉公交唐家村或者水南庄南站地铁7号线百子湾站出来北京站坐地铁到大望路下车坐11路公交唐家村下车机场快线东直门转到建国门在大望路下车坐11路唐家村下车哦,【卧室】豪华舒适的大双人床，超舒适高级床垫，真丝高档家具，高档床品（干净安全）【厨房】刀叉齐全，红酒杯，醒酒器，热水壶，洋酒杯子，时尚餐具【餐厅】烛台，花瓶，开瓶器，花艺【卫生间】24小时热水洗澡，大喷头超爽淋浴，高档洗发沐浴大瓶免费提供，还有高档浴巾和毛巾呦，洗衣机滚筒自动，吹风机，牙刷免费无线WIFI，拖鞋，批肩，香氛，沙发宽敞，高档电视,停车位浴缸允许聚会允许带宠物适宜儿童适宜老人适宜残疾人,热水淋浴无线网络空调电视电梯门禁系统洗衣机冰箱饮水设备暖气有线网络拖鞋手纸牙具毛巾浴液 洗发水香皂允许做饭允许吸烟,iHOME民宿沿海店,Woman,4.8分,暂无,暂无,暂无,暂无,暂无
北京市朝阳区和平街,638,34,需要开发票的朋友，一定要线上支付百分百定金~中国那么大，这就是您在北京的家。您将入住的房间，是有着波西米亚风情的精装两居室，推开门的一瞬间，将感受到我们为您准备满满的诚意与惊喜。只要您入住便可体验到，不将就的旅居生活，将成为您在北京的独家记忆，爱上这个城市，爱上这种旅行方式！！房主系爱吃爱玩爱造的北京大妞一枚，性格飒爽，有共同爱好的小伙伴们速来！其次我强调下本人为北京土著，性格直爽，仗义。不喜欢拐弯抹角。有事儿您说话~出门在外最注重一个沟通。我一直相信与人方便且与己方便。所以在此强调，本人不接受没事找茬的差评~房间位于北三环内侧三环辅路边上，所以有两道防盗门，安全大可放心~而且交通非常便利。出门就可以直接上京承高速，东边是地铁13号线光熙门站，西边是地铁5号线和平西桥站。,北欧简约与波西米亚风情的完美结合~南北通透的两居房间内配有羽绒舒适大沙发，完全可以极速消除旅行的疲劳。北边的小房间的单人床柔软舒适。中间过道的榻榻米相对硬点，适合老年人，南边大卧室的公主床比较适合喜欢浪漫的小两口~与此同时，房间一共有三台空调，两个电视，每个房间还配有超多储物功能的大立柜，百兆wifi，如果喜欢做饭厨房还配有各种刀具，餐具及锅具。最后说下卫生间，干湿两用的装修设计配有各种洗漱用品极其洗涤用品,浴缸有线网络允许聚会允许带宠物适宜儿童适宜老人适宜残疾人,热水淋浴无线网络空调电视电梯门禁系统洗衣机冰箱停车位饮水设备暖气拖鞋手纸牙具毛巾浴液 洗发水香皂允许做饭允许吸烟,美丽心情0a,Woman,5分,暂无,暂无,暂无,暂无,暂无
北京市朝阳区时代国际嘉苑1号楼,388,18,"我想把它做成一个少女天堂里面作用了各种少女色马卡龙海洋球还有粉红色的木马相信你一定会喜欢周边配备齐全富力广场乐城中心楼下就有24小时便利店门口有工商银行光大银行拐角处有药房和大型水果店满足生活一切需求楼下很多好吃的店想知道具体位置可以问我哈附近有朝阳图书馆今日美术馆世界知名艺术家的聚集地,看不完的展览还有紫禁书院和北京歌舞剧院10分钟路程非常浓郁的文化气息毗邻国贸的高档小区出入多是高级白领和外国友人素质都非常高门口24小时保安站岗行人出入需刷卡安全又保证",简约北欧风格*极米投影仪一直想在自己房子里做个投影仪抱着西瓜或者小龙虾边吃边看这样慵懒的日子我能过一个世纪*免费光纤高速WIFI*休闲吧台冰箱放有冻好的冰块在烈日下跑了一天回来以后来杯冰水或者威士忌岂不是美滋滋*卫生间我们配备的有牙刷和毛巾拖鞋沐浴洗发护发洗手液洗衣液但出于卫生考虑还请自备浴巾*厨房有热水壶微波炉盘子餐具煎锅煮锅都可免费使用*房间内放了雨伞便签纸和笔方便商务人士使用请不要丢失至于床我刻意在床上多加了一个10cm的床垫就是希望你们在跑了一天以后有最舒心的睡眠,电梯停车位浴缸有线网络香皂允许聚会适宜儿童适宜老人适宜残疾人,热水淋浴无线网络空调电视门禁系统洗衣机冰箱饮水设备暖气拖鞋手纸牙具毛巾浴液 洗发水允许做饭允许吸烟允许带宠物,咆哮的小二二,Woman,4.7分,暂无,暂无,暂无,暂无,暂无
北京市房山区良乡,278,29,"房东本人从事创维电器事业,地道北京人,热情好客,为人直爽.自己出去旅行出差都喜欢住民宿,也希望把这种方便带给来旅游的朋友和大学城周边的老师和同学们.紧邻地铁房山线（良乡大学城站）,距离北京西站40分钟，距离理工大学，社科院近3.4百米。周边公交房34,896,环城1.大学城附近,享受所有配套设施.",房间为31平米loft，房东精心设计，所有的家具家电都是我自己挑选安装的，运动健身，喝茶小憩，温馨浪漫，特别合适体验生活的朋友来住。房间各种，电器应俱全，可以做饭，让你小试身手！小区配套设施非常全面，24小时保安，免费停车！小区环境清幽，绿化很好，特别安静，这里的一钩一画，一桌一椅，都是我亲自挑选、亲自安装，我的用心，望你住着舒心。公寓楼下就有生活的必需品，超市、银行一应俱全，有几家餐厅味道很不错，我自己和孩子也是那里的常客，旁边即是理工大学，无论您是朋友来聚，还是家人来探亲，都是您的不二选择。,浴缸有线网络允许聚会允许带宠物适宜儿童适宜老人适宜残疾人,热水淋浴无线网络空调电视电梯门禁系统洗衣机冰箱停车位饮水设备暖气拖鞋手纸牙具毛巾浴液 洗发水香皂允许做饭允许吸烟,梅子0529,Woman,4.9分,5分,4.8分,4.8分,4.9分,4.8分
chendefu1208,陈汛,跳啊1f,chennnz,傅先生123,Zyvw,uuNIU牛,sukie果,ccalvinwu,xz_103504****r8s2a,花开若相惜6n,葱爆海参,zynaaaa,蓝_图,Asbefo0e,简单,刘佳敏耶,naomi338
入住时间：2018年07月房间很不错，可以睡三个人。沙发可以是很好的折叠沙发。房东回复很及时，电视很清楚，有机会还会再来。房东回复:感谢您的好评，期待下次光临哦！,入住时间：2018年11月干净整洁，床品很舒服，电视高清的，总体来说很不错。房东回复:感谢您的好评，期待下次光临哦！,入住时间：2018年09月很好很干净的民宿，住着很舒服，唯一的不足就是小区正在施工，早上有点吵房东回复:感谢您的选择，咱们小区挨着地铁口，交通很方便。有机会再来！,入住时间：2018年09月很好很干净房东回复:感谢您的好评，有机会再来,入住时间：2018年08月虽然经历停电小风波，但房东真诚相待，房间整洁舒适，确实有家的感觉，还给五分好评！房东回复:由于我的疏忽停电给您带来了不便，真的很抱歉！谢谢您！有机会在来！,入住时间：2018年07月很舒适的入住体验。一家三口都喜欢。房东回复:感谢您的选择和好评，我们继续努力，期待下次光临哦！,入住时间：2018年07月梅姐的房子真的没得说，超干净超舒适，已经第二次住梅姐家的房子了，调料很齐全，给了家的感觉从房子细节看，看的出房东梅姐是个会生活很精致的人，以后还会继续去住房东回复:第二次入住了，出现了点小问题，非常理解我们，素质真的很好，很和善，期待下次光临，我一定尽全力改善，做到最好！,入住时间：2018年07月按照好评排列，找到了这家民宿，一进屋就发现很热，马上开开空调，调到了16度，开了一个小时发现屋里还是很热，联系了房东，房东说调到23度左右，度数太低压缩机不启动，我按照方法做了，空调依然不制冷，一宿没睡好，浑身冒汗！！！冰箱，热水器里有毛发…房东回复:首先非常感谢您选择了我的家！关于您说的空调的问题，当天就找厂家上门检查了，您一直调的是16度，我们去查房时您的空调没有关闭，也是16度。所有的灯和空调都没有关闭，我没有扣除您的押金。厂家检查了，空调并没有问题。第二个问题，冰箱里有毛发，这个我就不用解释了，冰箱里怎么会有毛发？还有热水器，我不知道您所说的热水器器里边，还是外边？难道热水器您给打开看了，看到里边有毛发？我想这个解释不过去吧！我做民宿已经快一年了，来的都是回头客，长久的生意，不会恶意去把自己的牌子砸死。大家都用心做事，希望您能找到一个让您满意的房东,入住时间：2018年06月干净舒适，离地铁也近！很好.房东回复:房间保持很干净，有机会再来！近长阳地铁良乡大学城美好时光温馨一居室>,入住时间：2019年05月很干净！很温馨，整体感觉非常好良乡大学城地铁站浪漫小屋之旅行的青蛙>,入住时间：2019年05月舒适挺好下次还会去房东回复:感谢您的好评，房间很干净，期待下次光临哦！良乡大学城地铁站地中海风情温馨一居>,入住时间：2019年05月房子挺棒的，如果有下次还在你家住~房东回复:房间保持很干净，客人很有礼貌，期待下次光临！良乡大学城地铁站地中海风情温馨一居>,入住时间：2019年05月厨具很全，床也很舒服房东回复:房间很干净，客人很有礼貌，期待下次光临哦！幽雅良乡大学城地铁loft精装可做饭>,入住时间：2019年04月入住总体体验很棒，屋里的东西设备很齐全，房东人也很好，推荐大家入住房东回复:感谢您的评价，交通位置在良乡，我们显示的有地址，距离地铁口也很近，您给4分，并不是我们的位置不好！爱恋良乡理工大社科院温馨一居可做饭>,入住时间：2019年02月很好很舒适哈哈哈哈哈房东回复:非常感谢您的好评，客人很有素质，房间也很干净，期待下次光临！良乡大学城地铁站地中海风情温馨一居>,入住时间：2019年02月房东很贴心，很不错的体验房东回复:房间很干净，很好的客人，期待下次光临！良乡大学城地铁精装奢华loft一居室>,入住时间：2019年02月房东很热情，环境也很好，离地铁口很近的，非常方便房东回复:很好的客人，有礼貌，房间也很干净，感谢您的认可，期待下次光临哦！良乡大学城地铁精装奢华loft一居室>,入住时间：2019年02月服务很好！房东回复:感谢您的好评，期待下次光临哦！爱恋良乡理工大社科院温馨一居可做饭>
北京市丰台区东亚三环,388,32,不想当飞行员的调酒师，不是一个好的民宿主人。游走于线上OTA平台，厌倦了各项KPI考核，裸辞自己当民宿主人。顺便学着做奶爸。爱好广泛，音乐/篮球/台球/鸡尾酒/咖啡/茶艺，有机会可以切磋切磋，哈哈房子位于马家堡西路，高端公寓式小区，临近地铁4号线，公益西桥地铁C口，十米距离就到小区门口，一站换成十号线，三站到达北京南站，打车二十分钟到达南苑机场，公交646路，511路，377路，556路，990路等十几条公交车线路，交通巨便利。,房子位于高层，视野开阔，楼宇内安装有电梯，楼道干净整洁，小区绿化也很好，24小时保安巡逻，行人出入需要使用门禁卡，让你住的安心舒适。房间面积50平米，大开间，但是功能区划分明确。客厅，卧室，厨房，24小时淋浴的卫生间。房间整体风格偏欧式，主体色调浅色，搭配些许深色点缀，简约中透露一丢丢大气，明亮中带一点点清新。房间所有摆设，点缀饰品，挂画等等都是我亲自动手的成果，希望您能感受到我的用心,饮水设备浴缸有线网络允许吸烟允许聚会允许带宠物适宜儿童适宜老人适宜残疾人,热水淋浴无线网络空调电视电梯门禁系统洗衣机冰箱停车位暖气拖鞋手纸牙具毛巾浴液 洗发水香皂允许做饭,游弋晓居,Woman,4.6分,暂无,暂无,暂无,暂无,暂无
北京市丰台区马家堡西路36号院东亚三环,298,25,不想当飞行员的调酒师，不是一个好的民宿主人。游走于线上OTA平台，厌倦了各项KPI考核，裸辞自己当民宿主人。顺便学着做奶爸。爱好广泛，音乐/篮球/台球/鸡尾酒/咖啡/茶艺，有机会可以切磋切磋，哈哈房子位于马家堡西路，高端公寓式小区，临近地铁4号线，公益西桥地铁C口，十米距离就到小区门口，一站换成十号线，三站到达北京南站，打车二十分钟到达南苑机场，公交646路，511路，377路，556路，990路等十几条公交车线路，交通巨便利。,房子位于高层，视野开阔，楼宇内安装有电梯，楼道干净整洁，小区绿化也很好，24小时保安巡逻，行人出入需要使用门禁卡，让你住的安心舒适。走进房间，给人温馨优雅的感觉，配备舒适大床，相信一定可以让您舒舒服服睡个好觉，房间内配有有空调，衣柜，液晶电视，书桌，沙发，，免费WiFi，整体橱柜，热水器～（24小时热水）。,浴缸允许做饭允许吸烟允许聚会允许带宠物适宜儿童适宜老人适宜残疾人,热水淋浴无线网络空调电视电梯门禁系统洗衣机冰箱停车位饮水设备暖气有线网络拖鞋手纸牙具毛巾浴液 洗发水香皂,游弋晓居,Woman,4.1分,3.5分,3.8分,4.9分,4.4分,3.7分
好玩的一天,天童纯,hanlyl,杏仁酱,cjcjcjtc,pealsxh,2qJane,波村乡下人,wangninga,乔不颠,shining_琪,A晓晨,稳稳小幸福,糯彤彤,哈哈,acekiller,蒹葭zb,Rickywang16,我叫张嚷嚷
入住时间：2019年04月邻居很吵，楼内环境一般，房间略潮。入住体验一般,入住时间：2018年10月1.房子不新有潮臭味毛巾和床上用品很难闻应该是晾不干造成的冰箱里有蟑螂差评…2.小区和楼门都不需要门禁卡还好不让共享单车和快递外卖骑车进不然更乱3.交通很方便下楼就是地铁和公交4.电视实在太小了！5.有点小贵要是200就差不多了总结：蟑螂一定要清干净电视换个大点的床单毛巾之类的一定要晾干其他的都还好,入住时间：2018年09月很好！！！！！！,入住时间：2018年09月交通很方便，房子也很好～,入住时间：2018年08月坐地铁很方便,入住时间：2018年07月房东人太好了！！！,入住时间：2018年07月房子地理位置很好，一出地铁口就是小区了，压根不用走多少路程。楼下吃早饭、晚餐也很方便。房东人很好，帮忙解决行李寄存问题，非常感谢。只是硬件（如空调、花洒）有点旧了，可以更换的话会更好。,入住时间：2018年07月嗯是挺好的,入住时间：2018年06月房间比较小没有图片里看起来大，离地铁站挺近的，内饰和图片基本一致。在房间里面活动的时候最好穿上鞋，昨天在地毯上活动的时候被针扎了，拔出来的时候才发现地毯里面竖着一根带线的针，希望房东下次可以注意，避难出现类似的情况。房东回复:首先感谢您抽空做的点评。我在想，如果打坏的茶壶不找你赔偿，您是不是就不会这样给分了。把您脚不小心扎了您安全程度给了4分。在北京四环内300对块钱住30多平米的高层性价比给了1分。哎，也不怪您，要怪就怪我的茶壶不结实。我也不该收您的赔款，应该大度一点，直接退还回去，然后还祈求您，钱我不要了，麻烦您给个好评？抑或是把钱退给您，让您删除点评？,入住时间：2018年06月真的很不错呢房东人真的很好很礼貌很热心很善解人意还有位置真的很便利出门就是地铁站楼下超市医疗室都有的楼下的早饭吃着还不错哦嘿嘿总之是很不错的住宿体验四号线公益西桥站彩虹屋近南站南苑机场博爱医院>,入住时间：2019年04月本来预定的是便宜的房子，房东人超级好给升级了～刚进去房间就觉得很干净，门锁是单独设定的密码锁，很安全，床单毛巾被罩都是洗好新换的，还有洗发液沐浴露都是准备好的，不用自己带，厨房的锅碗都很齐全，刀子什么东西都是一颗直接用的，很方便，调料一般的都有，就自己买了油和黄酒，大料，还剩下很多米调料没用完，就留在房间了，希望之后的住户可以方便用别浪费哈哈哈～很好的住房体验刚进去忘记没拍照，就放了几张这几天做的菜(`)【龙舌兰】地铁口/直达西单北大清华颐和园>,入住时间：2019年04月房间漂亮，干净整洁，主要装修风格我超喜欢，房东小姐姐，人很善良，亲和，而且特别良心的，我一租了两个房间都各续租了两天，赶上五一假期小姐姐在没有涨价的前提下还给了我们优惠，真的是很愉快的一次入住，也让我这次在北京的旅行更增添的一份开心，小姐姐给推荐的餐厅也很好吃，小区附近出门地铁站，商场超市都很全，强烈推荐各位入住冬至物语-近南站公益西桥地铁南苑机场>,"入住时间：2019年02月这次的入住体检不好能够说满意的应该就是地段了，出门就是地铁，这一点很方便。再来说说不好的，落地联系房东，给我一个完全不一样的房间，非常小，告诉我，我定的房间卫生间的马桶坏了，不进水，不能住。给我的那个房间，我带着孩子完全住不了，然后又给了我一个大一点的房间，我再说说这个。1,床，一个大床是两个单人的床垫拼的2,热水器，只能快速地洗一个人，如果是女士，洗头了，再洗澡水就凉了，得等等……让电热水器加热至少一个小时。3,马桶盖上有个破洞，坐在上面挺担心。入住了四天，我原先定的房间一天没住上。房东回复:非常抱歉宝妈，因为房间的确出了一些维修上的问题，赶在春节期间不好找师傅，我今可能给您条换大点的房间给您，因为春节期间房源紧张所以小房间更不能给您条换了，我也是赶着师傅来给您安排维修，很抱歉宝妈！如果有机会一定给您免费升级好一点的房间！祝您新年愉快！粉黛佳人地铁公益西桥站近北京南站南苑机场>",入住时间：2018年12月床品很干净入住的时候看到保洁姐姐有清洗上一位客人用过的床单被罩卫生间也很干净房间布置和图片高度一致房东很nice问题都有帮忙解答冬至物语-近南站公益西桥地铁南苑机场>,入住时间：2019年01月住的还是蛮不错的粉黛佳人地铁公益西桥站近北京南站南苑机场>,入住时间：2019年01月感觉很不错天空之镜-近南站机场地铁直达西单天安门>,入住时间：2018年12月很棒交通方便公益西桥地铁站柠檬雅居近南站南苑机场>,入住时间：2018年11月住的时候被人莫名其妙敲门，说是送东西送错了，老板给我升级了房型【粉系马卡龙】四号线公益西桥站近南站南苑机场>,入住时间：2018年12月非常好的入住体验，装修非常温馨，也很干净，而且房东人真的太好了，强推！！！四号线公益西桥站彩虹屋近南站南苑机场博爱医院>
北京市顺义区裕丰路16号(新国展西北角)会展誉景,500,64,"我是90后水瓶座，喜欢新鲜事物、爱分享、喜欢阅读、旅游并且无论走到哪里都想感受到如家一样的温馨。城市生活久了有时候很想逃离拥堵与喧嚣，而恰恰在这里找到了闹中取静、交通便捷、别墅区环绕的港湾；也许我不能游览全世界，但是我希望全世界的朋友能来我这里做客，咱们一起望着蔚蓝的天空、感受徐徐的微风、靠在整齐的长廊……感受国际生活区、体验世界生态圈；1、距离北京国际展览中心步行10分钟2、距空港融慧园、空港工业B区等产业园步行10分钟3、距地铁15号线国展站1500米4、距首都国际机场10公里,打车约22分钟30元5、距望京、丽都、燕莎城市核心区约20分钟车程。",#小区内设有地下车库且有偿停车，可直达入住房间，可有效避免任何天气给身心带来的负面影响；+精致家具的色调交互融合，城市的喧嚣倒映在墙壁，配上舒适的家居沙发与床垫，徘徊于每个房间地板上，宛如回到远在故里的家一样，美美的睡上一觉那该多舒服、多温馨，带给你【自由青春】种种情怀。-客厅配有舒适家居沙发、风格协调的茶几和电视柜、液晶电视、空调、24小时免费WIFI；×主卧室和次卧室敞亮而温馨，躺在软软的床垫上会有依依不舍的感觉，配有成套搭配的大床、床柜、床头灯;÷厨房提供配套的餐具及调料，自己愿意动手可以做出一餐干净、美味、温馨的美食，如家一样贴心；@房间配以简约家具，结合现代装修风格，整个房间布局合理，视野开阔。闲暇之余，邀几个好友，或PK厨艺、或饮茶小酌、或相视而坐、彻夜畅谈。也可移步至小区内，闻花香、听鸟声、感清新、赏夜景。。。静静的享受美好温馨静谧时光。,饮水设备浴缸允许吸烟允许聚会允许带宠物适宜儿童适宜老人适宜残疾人,热水淋浴无线网络空调电视电梯门禁系统洗衣机冰箱停车位暖气有线网络拖鞋手纸牙具毛巾浴液 洗发水香皂允许做饭,向日葵SUN,Woman,5分,暂无,暂无,暂无,暂无,暂无
北京市东城区东直门南大街,628,37,【下单前请务必提前与我沟通日期及人数等信息，非常感谢】林语堂笔下的带有中古色彩的老北京，在《大城北京》里描述得淋漓尽致。东直门，曾经是位于北京城内城东垣北侧的一座古城门，现如今，已然成为亚洲最大的集机场快轨、地铁、城铁、高速公路交汇的交通枢纽，每一天，鲜明、生动地演绎着北京的变化。欢迎来到北京，欢迎来到“此间有真意，春暖花自开”的真暖民宿。【位置极佳、电梯直达】这套美好的两居室拥有极佳的地理位置优势，步行3分钟即到2号线地铁“东四十条站”，步行10分钟即到2号线、13号线及机场快轨交汇站东直门站，步行至簋街10分钟左右，临近工体、三里屯，乘车15分钟内可到达天安门、故宫、毛主席纪念堂、天坛、王府井、前门大栅栏、后海、南锣鼓巷等；24小时电梯运营，方便老人和孩子，也免去行李之累；【无敌夜景、双卧朝南】无论你喜欢帝都不吝啬的暖阳，还是爱上北京绚烂的城市夜景，都可以在这里得到最大的满足，房间干净清爽且环保绿色，即使没有放置香薰，也散发着美好的生活芬芳，无论是旅行，还是短暂的工作事务停留，相信你都能在这里找到真意，看到春暖花开，享受京城最温暖的一隅；【宽敞两居，独立客厅】在寸土寸金的帝都，这间民宿拥有两个卧独立的大卧室，且拥有一个独立的小客厅，能够保证较好的私密性，满足两位同事、三口之家，四口之家，四大一小等不同组合。【暖心服务，宾至如归】对于民宿，我的理解是不仅仅有情怀，而应该比hotel更舒适更安心更有人情味，我会告诉您楼下最方便的早餐店，提示您暑假带小朋友到清华北大一定要提起预约以免吃了闭门羹，亦或是推荐您去慕田峪长城最方便的楼下即有的慕巴士……我想，出行在外，没有什么比预定了一间靠谱的民宿，结识一位靠谱的民宿主更愉快的事情了。【真意自得，春暖花开】我是一枚CPA，职场7年，平日的工作繁忙冷静严谨，但生活里我是一枚典型的双子座，热情好奇仍不改初心，只要您预订了真暖民宿，每位客人都能收到我亲自编制的事无巨细的入住指南；同时，在入住的前中后期间，可以与我保持联系，让你在北京的这段真暖时光，无忧并美好！此间有真意，春暖花又开，真暖民宿期待你的小住，让我们彼此相信信任的美好，开启这段愉快的旅程：）1房屋坐落于北京二环东直门枢纽站，地理位置得天独厚，距离“东直门”地铁站（2号线、13号线、机场快轨）仅600米，距离“东四十条”地铁站（2号线）仅300米。社区闹中取静，电梯、高层、城市景观房，楼层为次顶层。2距亚洲著名的购物圈来福士、银座mall咫尺之遥，步行3分钟之内，步行至簋街10分钟左右，临近工体、三里屯（步行约20分钟，小黄车10分钟），乘车15分钟内可到达天安门、故宫、毛主席纪念堂、天坛、王府井、前门大栅栏、后海、南锣鼓巷等。3距离陆军总医院、北京中医药大学东直门中医医院步行约10分钟。,【整体情况】这是一套独立的两居室（完全私密，不会与他人共享），面积80平米，两室一厅一厨一卫一阳台，两个卧室具有非常好的私密性，均朝南向，能够满足两位同事、三口之家，四口之家，四大一小等不同组合的入住。【设施情况】舒适的床品、床垫、所有床品均为纯棉高品质，并保证一客一清洗消毒，整个人躺进去舒适放松；厨房餐具齐全、配备基础的调料，燃气灶，做饭无忧；卫生间燃气热水器保证24小时热水，备有洗衣机（定期消毒），备有抽纸、纸巾、瓶装洗发水和沐浴液、4条消毒毛巾、4双拖鞋（非一次性，每客消毒）；宽带无忧，网络电视并带歌华宽带，让您畅享无线冲浪和闲适时光；集中供暖，冬季请您放心室内温度；独立的两个卧室均配备空调，保证夏季消暑。【卫生情况】真暖民宿都是绝对保证一客一清洁消毒，您将遇到一位极通情理的民宿主，在干净舒适的真暖民宿度过一段美好的时光：）,适宜儿童适宜老人门禁系统浴缸有线网络允许吸烟允许聚会允许带宠物适宜残疾人,热水淋浴无线网络空调电视电梯洗衣机冰箱停车位饮水设备暖气拖鞋手纸牙具毛巾浴液 洗发水香皂允许做饭,真暖,Woman,5分,暂无,暂无,暂无,暂无,暂无
北京市房山区书院南街10号院,269,26,公寓楼下就有生活的必需品，超市、银行一应俱全，有几家餐厅味道很不错，我自己和孩子也是那里的常客，旁边即是理工大学，无论您是朋友来聚，还是家人来探亲，都是您的不二选择。房间为50平米大开间公寓，房东精心设计，所有的家具家电都是我自己挑选安装的，温馨浪漫，特别合适体验生活的朋友来住。房间各种，电器应俱全，可以做饭，让你小试身手！小区配套设施非常全面，24小时保安，免费停车！小区环境清幽，绿化很好，特别安静，房子采光很好，这里的一钩一画，一桌一椅，都是我亲自挑选、亲自安装，我的用心，望你住着舒心。公寓楼下就有生活的必需品，超市、银行一应俱全，有几家餐厅味道很不错，我自己和孩子也是那里的常客，旁边即是理工大学，无论您是朋友来聚，还是家人来探亲，都是您的不二选择。房子紧邻地铁，地铁口前行200米处，距离北京西站40分钟。周边公交房34，896，环城1。这里集中了理工大学、北京工商大学、北京商贸学院、中医药大学良乡校区、首都师范大学良乡校区等高校，让您在茶余饭后散步于鸟语花香的校园，这里都能给你一份清幽，恬静和便利，欢迎入住。,房间为50平米大开间公寓，房东精心设计，所有的家具家电都是我自己挑选安装的，温馨浪漫，特别合适体验生活的朋友来住。房间各种，电器应俱全，可以做饭，让你小试身手！小区配套设施非常全面，24小时保安，免费停车！小区环境清幽，绿化很好，特别安静，这里的一钩一画，一桌一椅，都是我亲自挑选、亲自安装，我的用心，望你住着舒心。,浴缸有线网络允许聚会允许带宠物适宜儿童适宜老人适宜残疾人,热水淋浴无线网络空调电视电梯门禁系统洗衣机冰箱停车位饮水设备暖气拖鞋手纸牙具毛巾浴液 洗发水香皂允许做饭允许吸烟,梅子0529,Woman,5分,暂无,暂无,暂无,暂无,暂无
北京市朝阳区和平街15区9号楼,388,23,这是一个北京年代感很强的小区，生活便利一应俱全地铁13号线，光熙门西出口，步行10分钟。三环有多趟公交车,简欧风，超大舒适的双人床绝对能让您睡个好觉,停车位浴缸允许聚会允许带宠物适宜儿童适宜老人适宜残疾人,热水淋浴无线网络空调电视电梯门禁系统洗衣机冰箱饮水设备暖气有线网络拖鞋手纸牙具毛巾浴液 洗发水香皂允许做饭允许吸烟,美丽心情0a,Woman,5分,暂无,暂无,暂无,暂无,暂无
北京市朝阳区百子湾 沿海赛洛城,398,27,这里很多手工做的物品，一点一点为了把生活中能让我感动的物品体现出来，我喜欢阳光下的慵懒，我喜欢每个家具电器都是强大的，我希望住着舒服，看着幸福的感觉，，，这里是繁杂世界里的一片净土一样，纯净的像初恋一般，淡淡的清香。。。开车：广渠路石门东路交叉公交唐家村或者水南庄南站地铁7号线百子湾站出来北京站坐地铁到大望路下车坐11路公交唐家村下车机场快线东直门转到建国门在大望路下车坐11路唐家村下车哦公交31路，439路，11路，541路，23路，地铁7号线，地铁1号线，打车方便,床：1.8宽长2米大舒适的很纱幔：唯美，手工缝制，完全可敞开式设计窗台：斜躺在窗台上慵懒发呆电器：空调，冰箱，洗衣机，净化器，电视卫生间：24小时热水系统，毛巾，浴巾，洗手液，牙刷，沐浴洗发露厨房：圆餐桌足够用，餐椅实木，各种炒菜锅，汤锅，红酒杯，刀具化妆桌舒适大镜子，4门衣柜，楼上休闲区,停车位浴缸允许聚会允许带宠物适宜儿童适宜老人适宜残疾人,热水淋浴无线网络空调电视电梯门禁系统洗衣机冰箱饮水设备暖气有线网络拖鞋手纸牙具毛巾浴液 洗发水香皂允许做饭允许吸烟,iHOME民宿沿海店,Woman,4.9分,暂无,暂无,暂无,暂无,暂无
北京市海淀区文慧园路6号,458,17,房间配有落地窗，五星级床品。房间由房东亲自设计的轻奢主义风，。无论您是公私差旅，还是求学问医，都能倍感温馨，相信房子和我会给您留下美好回忆。进入小区需要门禁，保安24小时值守，物业管理有序，楼道干净整洁（每天定时打扫）。进入房间内不要扰民。扼守京西交通枢纽，襟连南北两大商圈，拢聚六大高校学府，兼容后海娱乐盛所。地铁2号、步行五分即可。众多公交路线穿梭附近344、345、919、47、22、618、498、635让你出行无忧。中影影院、同一首歌、后海酒吧、咖啡馆，沙龙，让你得生活随时随地，随心所欲。去往长城的公交始发站步行十分即可到达。,"房间装修风格独特，私人订制理性化的大床，托人联系铁艺师傅给房间量身订制的沙发。房内配有大品牌空调、液晶电视，和百兆wifi,以及24小时热水。如果您想做饭，厨房厨具齐全。",停车位浴缸有线网络香皂允许聚会适宜儿童适宜老人适宜残疾人,热水淋浴无线网络空调电视电梯门禁系统洗衣机冰箱饮水设备暖气拖鞋手纸牙具毛巾浴液 洗发水允许做饭允许吸烟允许带宠物,温暖的家a,Man,4.4分,暂无,暂无,暂无,暂无,暂无
北京市朝阳区上线6号,358,42,"亲爱的朋友们,非常高兴你能看到我的房子,我是一个刚刚毕业的大学生,我爱生活,爱旅行,爱运动,爱结交朋友,通过旅行我发现为我这些喜欢民宿的旅行者,提供了更快融入一个城市的方式,让我们认识更多朋友,也让我们在旅行中,也能像在家一样舒适,放松,自在,温暖,所以认识到民宿是一种生活方式,也真正理解到分享经济的可行性,所以我们通过途家分享自己的家,认识更多的朋友,不论你是谁,从哪里来,到这里希望你能如亲人家一样的开心,快乐。友情提示:本人就住在房子附近,如果需要什么帮助,很方便就能找到我,我们会尽我所能的满足你。位于朝阳北路地铁6号线黄渠站公交线路包括364,488,506639等距机场15公里，车程20分钟，坐大巴到管庄下，走路十分钟到小区到南站40分钟距离，14号线倒6号线黄渠站下，走路到小区十分钟到北京站地铁30分钟路程",南向落地窗户，定制大双人床，超级结实，舒适。50寸液晶电视品牌家居，愿你度过每一个美好的夜晚。,适宜儿童适宜老人适宜残疾人浴缸允许带宠物,热水淋浴无线网络空调电视电梯门禁系统洗衣机冰箱停车位饮水设备暖气有线网络拖鞋手纸牙具毛巾浴液 洗发水香皂允许做饭允许吸烟允许聚会,柒点回家民宿,Man,4.8分,暂无,暂无,暂无,暂无,暂无
北京市石景山区紫御长安,599,51,生活不止眼前的苟且，还有诗与远方。我们分享的房源，可能就是您在远方的“停泊港口”。我们也希望和对生活品质同样有要求的您，分享我们精心设计并不断完善的美丽“港口”，欢迎您来停泊。所在房屋距离一号线八角游乐园站距离455米，早班5点，行至五棵松站8分钟，行至复兴门14分钟，行至天安门西19分钟。房屋距离“衙门口”车站228米途经308、325、112路，距离“衙门口西”车站259米途经327、385、965、专86，距离“京原路口南”车站265米途经327，距离“鲁谷桥东”车站325米途经958等等。房屋距离五环出入口575米，距离莲石路出入口800余米，方便开车前往，如遇限号，可将车辆停至五环外，步行回小区。以上距离均摘自百度地图显示，以上地铁时刻等信息摘自百度百科“北京一号线地铁”。,房屋风格：房屋采取时尚科技style，简单黑白灰，加以少量亮色点缀。房屋分为上下两层，LOFT形式，大落地窗，简洁干净，采光好，视野佳。房屋格局：一层有有淋浴功能卫生间、封闭式厨房（洗衣机、灶台烟机、微波炉、电水壶等电器）、餐厅、客厅（含4米乘1.3米飘窗榻榻米一个），二层含一个主卧内置1.8米宽床人床、一个次卧内置2.5米乘2米的榻榻米、一个书房（配龙猫地垫）、一个卫生间、一个储物间。房屋景色：本房源全朝南落地窗，处于高楼层，前方视野开阔无遮挡，配以宽敞舒适的飘窗，窝在窗边可以悠闲的晃过一天。屋内设备：屋内配有智能电视，出口质量家具、床垫及床上用品，名品软装饰品，让您轻松享受精致品质生活。特别提示：为配合平台倡导实名登记入住，请预定客人清楚选择入住人数。需要按照入住人数情况提供床品及其他用品。如有疑问请勿闪顶，与我们留言或电话垂询。,浴缸暖气有线网络允许吸烟允许聚会适宜儿童适宜老人适宜残疾人,热水淋浴无线网络空调电视电梯门禁系统洗衣机冰箱停车位饮水设备拖鞋手纸牙具毛巾浴液 洗发水香皂允许做饭允许带宠物,Star短租,Woman,5分,暂无,暂无,暂无,暂无,暂无
北京市丰台区马家堡西路36号东亚三环小区,388,20,不想当飞行员的调酒师，不是一个好的民宿主人。游走于线上OTA平台，厌倦了各项KPI考核，裸辞自己当民宿主人。顺便学着做奶爸。爱好广泛，音乐/篮球/台球/鸡尾酒/咖啡/茶艺，有机会可以切磋切磋，哈哈房子位于高层，视野开阔，楼宇内安装有电梯，楼道干净整洁，小区绿化也很好，24小时保安巡逻，行人出入需要使用门禁卡，让你住的安心舒适。大开间，但是功能区划分明确。卧室，厨房，24小时淋浴的卫生间。房间整体风格偏欧式，主体色调浅色，搭配些许深色点缀，简约中透露一丢丢大气，明亮中带一点点清新。房间所有摆设，点缀饰品，挂画等等都是我亲自动手的成果，希望您能感受到我的用心房子位于马家堡西路，高端公寓式小区，临近地铁4号线，公益西桥地铁C口，十米距离就到小区门口，一站换成十号线，三站到达北京南站，打车二十分钟到达南苑机场，公交646路，511路，377路，556路，990路等十几条公交车线路，交通巨便利。,天空令人向往有那么一个地方可以作为天空之镜。房间整体风格灵感来自于玻利维亚的天空之境，整体颜色搭配采用了灰白，营造出盐沼的feeling。,饮水设备浴缸允许吸烟允许聚会允许带宠物适宜儿童适宜老人适宜残疾人,热水淋浴无线网络空调电视电梯门禁系统洗衣机冰箱停车位暖气有线网络拖鞋手纸牙具毛巾浴液 洗发水香皂允许做饭,游弋晓居,Woman,暂无,暂无,暂无,暂无,暂无,暂无
北京市通州区永顺镇  世界侨商中心,268,9,通州北关世界侨商中心，大开间，精装修，公寓长租，干净温馨，拎包入住，小区绿化较好，丛丛绿茵给您视觉的享受。在这里让您体会温暖的家，欢迎您的到来。地铁路线：6号线北关站，八通线北苑站。机场路线：机场大巴北关站；公交路线：覆盖通州区内的公交路线有通2路通4路通7路通14路，覆盖北京范围内公交路线有316、342、587、648、916、924、991、等五条高速公路：京哈京津京沈京通京沪.5条主干道：朝阳路朝阳北路新华大街两广路延长线（规划）运河大街。,"房屋配备有落地窗，大屏幕液晶电视，复古茶几，舒适的沙发，精美小餐桌，电吹风机，热水壶，电磁炉，冷热中央空调，独立的卫浴，房间为您准备一次性拖鞋、一次性牙刷、香皂、梳子，刷牙杯，还备有毛巾，浴巾，一次性沐浴露，一次洗发水等免费的百兆的wifi,热水淋浴，智能密码锁还有24小时安保系统，24小时巡逻，安全便捷如果你是一个人在北京，这里也可以成为您，亲切而舒心的家。",空调洗衣机冰箱停车位饮水设备浴缸有线网络香皂允许做饭允许吸烟允许聚会允许带宠物适宜儿童适宜老人适宜残疾人,热水淋浴无线网络电视电梯门禁系统暖气拖鞋手纸牙具毛巾浴液 洗发水,闯,Man,5分,暂无,暂无,暂无,暂无,暂无
北京市通州区永顺镇 世界侨商中心,278,9,在这里您能感受到家的温馨！！位于地铁六号线旁，楼下通7，587路公交，十分方便,"通州北关世界侨商中心，大开间，精装修，公寓长租，干净温馨，拎包入住，小区绿化较好，丛丛绿茵给您视觉的享受。房屋配备有落地窗，大屏幕液晶电视，茶几，沙发，小餐桌，电吹风机，热水壶，电磁炉，中央空调，独立的卫浴，.一次性拖鞋、一次性牙刷、香皂、梳子，刷牙杯.毛巾，浴巾，精心准备了一次性沐浴露，一次性洗发水免费的wifi,热水淋浴，密码锁，24小时安保系统，安全便捷。在这里让您体会温暖的家，欢迎您的到来。",洗衣机冰箱饮水设备浴缸有线网络香皂允许做饭允许吸烟允许聚会允许带宠物适宜儿童适宜老人适宜残疾人,热水淋浴无线网络空调电视电梯门禁系统停车位暖气拖鞋手纸牙具毛巾浴液 洗发水,闯,Man,4.7分,暂无,暂无,暂无,暂无,暂无
北京市顺义区裕丰路16号(新国展西北角)会展誉景,430,27,"我是90后水瓶座，喜欢新鲜事物、爱分享、喜欢阅读、旅游并且无论走到哪里都想感受到如家一样的温馨。城市生活久了有时候很想逃离拥堵与喧嚣，而恰恰在这里找到了闹中取静、交通便捷、别墅区环绕的港湾；也许我不能游览全世界，但是我希望全世界的朋友能来我这里做客，咱们一起望着蔚蓝的天空、感受徐徐的微风、靠在整齐的长廊……感受国际生活区、体验世界生态圈；1、距离北京国际展览中心步行10分钟2、距空港融慧园、空港工业B区等产业园步行10分钟3、距地铁15号线国展站1500米4、距首都国际机场10公里,打车约22分钟30元5、距望京、丽都、燕莎城市核心区约20分钟车程。",#小区内设有地下车库且免费停车，可直达入住房间，可有效避免任何天气给身心带来的负面影响；+现代简约黄黑白交互融合，城市的喧嚣倒映在墙壁，配上舒适的家居沙发与床垫，徘徊于每个房间地板上，宛如回到远在故里的家一样，美美的睡上一觉那该多舒服、多温馨，带给你罗曼蒂克种种情怀。-客厅配有家居沙发、风格协调的茶几和电视柜、液晶电视、空调、24小时免费WIFI；×卧室洁白而温馨，躺在软软的床垫上会有依依不舍的感觉，配有成套搭配的大床、床柜、床头灯;÷厨房提供配套的餐具及调料，自己愿意动手可以做出一餐干净、美味、温馨的美食，如家一样贴心；@房间配以简约家具，结合现代装修风格，整个房间布局合理，视野开阔。闲暇之余，邀几个好友，或PK厨艺、或饮茶小酌、或相视而坐、彻夜畅谈。也可移步至小区内，闻花香、听鸟声、感清新、赏夜景。。。静静的享受美好温馨静谧时光。,饮水设备浴缸允许吸烟允许聚会允许带宠物适宜儿童适宜老人适宜残疾人,热水淋浴无线网络空调电视电梯门禁系统洗衣机冰箱停车位暖气有线网络拖鞋手纸牙具毛巾浴液 洗发水香皂允许做饭,向日葵SUN,Woman,5分,暂无,暂无,暂无,暂无,暂无
北京市朝阳区沿海赛洛城,430,30,房东是一个细心讲究品质、对生活热爱、追求完美的暖男离百子湾地铁站不足5分钟即到，交通便利。位于沿海赛洛城406号楼,北京著名的网红社区，住着很多时髦人儿，距离7号线百子湾地铁步行600米，小区配套设施完善，每个单元都有保安，居住安全，有电梯，密码锁出入很方便～这套loft是沿海赛洛城最大的可以住四五个人的超大复式有两张大床轻奢主义的装修风格，让客人能感受一种高贵冷艳地典雅大气highquality，适合朋友聚会，商旅云集，房东特地给世界杯之年准备了足球桌台球桌冰球乒乓球四合一，炎炎夏日爽一夏！房主精心挑选的高密度面料床品保证一客一换提供全套厨具及精美餐具，免费的调料和大米，快来大展厨艺别忘了晒图哦～高档厚实的毛巾浴巾，大功率吹风机，沐浴用品，一次性洗漱用品，卸妆棉，拖鞋，洗衣液，消毒液，房主能想到的都准备了，欢迎补充。除此之外，空调，微波炉，冰箱，全自动洗衣机，百兆Wi-Fi，小米盒子vip，24小时热水，也应有尽有哦作为一个成熟的社区，周边配套设施一定要便捷～小区附近有合生汇，奥特莱斯，朝阳大悦城等大型购物中心～小区内24小时便利店，银行，餐饮咖啡馆比比皆是，值得一提的是，周边好吃的品类齐全，川菜，烧烤，日料，西餐，东北菜太多了等你去发现，别放过路边摊～北京的地铁线路如同蜘蛛网般交叉，地铁没有堵车的烦恼，离地铁站近就是王道～赛洛城小区到地铁口步行距离600米～地铁直达欢乐谷，天坛，前门大街，北京西站到天安门等景区8公里之内～,门禁系统停车位浴缸有线网络允许吸烟允许带宠物适宜儿童适宜老人适宜残疾人,热水淋浴无线网络空调电视电梯洗衣机冰箱饮水设备暖气拖鞋手纸牙具毛巾浴液 洗发水香皂允许做饭允许聚会,Bob之家,Man,5分,暂无,暂无,暂无,暂无,暂无
北京市朝阳区沿海赛洛城406号楼,390,30,我的个性潇洒豪迈直爽，喜欢广结好友，给您一个家的感觉位于广渠路北侧30米，距国贸7号线地铁百子湾站A口不足5分钟，十分便利,这个粉红豹少女心主题的loft是房东精心设计布置，为您打造一个梦幻般的小屋，配备舒适的大床和床垫，相信您一定会舒舒服服的睡个好觉！除此之外还有空调、衣柜、液晶电视、免费百兆wifi、以及独立的卫生间（24小时热水是妥妥的）！北京著名的网红社区，住着很多时髦人儿，距离7号线百子湾地铁步行不到700米，小区配套设施完善，每个单元都有保安，居住安全，有电梯，密码锁出入很方便～这套loft是沿海赛洛城highquality，适合朋友聚会，少女们轰par。房东特地给世界杯之年准备了足球桌，炎炎夏日爽一夏。北京著名的网红社区，住着很多时髦人儿，距离7号线百子湾地铁步行700米，小区配套设施完善，每个单元都有保安，居住安全，有电梯，密码锁出入很方便～房主精心挑选的高密度面料床品保证一客一换提供全套厨具及精美餐具，免费的调料和大米，快来大展厨艺别忘了晒图哦～高档厚实的毛巾浴巾，大功率吹风机，洗浴用品，一次性洗漱用品，卸妆棉，拖鞋，洗衣液，消毒液，房主能想到的都准备了，欢迎补充。除此之外，空调，微波炉，冰箱，全自动洗衣机，百兆Wi-Fi，24小时热水，也应有尽有哦作为一个成熟的社区，周边配套设施一定要便捷～小区附近有合生汇，奥特莱斯，朝阳大悦城等大型购物中心～小区内24小时便利店，银行，餐饮咖啡馆比比皆是，值得一提的是，周边好吃的品类齐全，川菜，烧烤，日料，西餐，东北菜太多了等你去发现，别放过路边摊～北京的地铁线路如同蜘蛛网般交叉，地铁没有堵车的烦恼，离地铁站近就是王道～赛洛城小区到地铁口步行距离600米～地铁直达欢乐谷，天坛，前门大街，北京西站到天安门等景区8公里之内～,门禁系统停车位浴缸有线网络允许吸烟允许带宠物适宜儿童适宜老人适宜残疾人,热水淋浴无线网络空调电视电梯洗衣机冰箱饮水设备暖气拖鞋手纸牙具毛巾浴液 洗发水香皂允许做饭允许聚会,Bob之家,Man,4.9分,5分,4.8分,4.9分,4.9分,4.8分
hsftDong,89Suno,綦bs,小柯哟,Victoria特立独行,春暖花开的冬天,6y柠檬不酸,6qyyp6,婷婷_妞儿,冰雪柠檬,12id2d,Lynn__冫疑,薇薇酱kiko,sunny,Terry218,情羁,DPy125,MissQ123
入住时间：2019年05月房主人超好，房子也好看，附近交通也方便，楼下就是一个超市房东回复:住客人超好非常理解配合我们的工作希望您再来,入住时间：2019年01月房主人超级好告诉的也很仔细有问题询问也很快答复房间3个人刚好住房东回复:住客人超好特别理解配合我们的工作非常感谢,入住时间：2019年01月孩子很喜欢，每次回来都要和我玩一下房东提供的足球游戏。唯一觉得就是有点小贵，比酒店贵一点，不过孩子喜欢还可以接受房东回复:非常感谢您的点评我们会再接再厉欢迎您再来,入住时间：2019年01月房东特别细心，很耐心的给我们说房间位置，电器的使用。房间很温馨，喜欢摇摇椅！下次还定你们家～房东回复:住客人超级好特别配合理解我们的工作非常感激,入住时间：2018年12月很舒服的房子，厚厚的棉被很暖和，房东很有品质，床被全是棉质品、很喜欢～房间布置温馨，超级赞～还会再回来住房东回复:住客人超级好非常理解配合我们的工作希望她常来,入住时间：2018年11月房东绝对是个暖男，非常贴心，人很好，大家多来试试这家，绝对信的过，住的舒服房东回复:住客人超级好特别棒非常欢迎他之后随时来玩,入住时间：2018年11月非常好，房东也很好房东回复:住客人超级好特别理解配合我们的工作欢迎您下次再来玩,入住时间：2018年10月全好评，房主人非常好，很有耐心，跟女朋友一起想做顿饭吃，房主很有耐心的给准备好餐具，借用了冰箱里的高脚杯，喝的红酒，微醺，哈哈。房间很温馨，女朋友很喜欢粉红豹，有机会还会住这里。房东回复:住客人很好非常理解配合我们的工作希望下次再来玩,入住时间：2018年10月屋子超棒的，装修和装饰都好喜欢，粉红色的，好温馨，最喜欢那个吊篮了，晚上一直在里面坐着，不想出来，还有游戏可以玩，小哥哥人特别好，屋里木有手纸了，马上联系阿姨送过来，我们自己买了一卷还给我报销了，虽然不差那几块钱，但是人真的很实在，小哥哥也是个北京人，交流起来特别舒服，以后肯定还会订的，价格也不贵，屋里很干净房东回复:住客超级超级赞超级超级可爱特别配合理解我们的工作希望亲下次再来玩,入住时间：2018年10月出门旅游一定上小猪短租，又靠谱，又干净，还很方便，北京的民宿特别的好，房东非常认真，提前告诉了地址，这个地址特别方便，离地铁，公交站牌很近，而且非常干净，住宿条件特别的好，价格又不高，比宾馆好住多啦，周围买东西又方便，车又好停，住在这里非常安静，特别温馨的房子，里面东西很全，房间也大，一家三口特别好住，房东还配了桌游，我们每天三个人玩的特别开心。房东回复:非常感激亲爱的点评谢谢您的支持和肯定我们一定会再接再厉感谢您配合理解我们的工作也欢迎您随时来玩润而不潮的大三居一览无余湛蓝大海和超美的落日>,入住时间：2019年05月真的是非常不错的房子，房东沟通很流畅，附近有好多玩的地方，很开心，下次一定还会再来房东回复:住客人超好非常理解配合我们的工作欢迎您下次再来玩国贸欢乐谷7号线蓝色独角兽百子湾超大loft>,入住时间：2019年05月很不错的房间，房东也很认真，如果厨房油烟机更好一些就更好了房东回复:住客人很好非常理解配合我们的工作国贸7号线百子湾欢乐谷超大复式黑色贵族之家>,入住时间：2019年04月非常棒的一次体验～老板人很好环境也很好房东回复:非常感谢您的点评我们会继续努力国贸欢乐谷7号线蓝色独角兽百子湾超大loft>,入住时间：2019年03月满意，还住下次房东回复:住客人很好非常理解配合我们的工作国贸欢乐谷7号线英伦countrysid风情>,入住时间：2019年02月很好，住着挺舒服，下次再来！房东回复:住客人超级好非常理解配合我们的工作非常感谢欢迎您随时来玩国贸欢乐谷7号线英伦countrysid风情>,入住时间：2019年02月挺不错的居住体验楼下就是便利店很方便距离地铁站也不远希望还可以有下一次的居住经历房东回复:住客人非常不错理解配合我们的工作非常感谢国贸欢乐谷7号线蓝色独角兽百子湾超大loft>,入住时间：2019年02月房东很好！国贸欢乐谷7号线英伦countrysid风情>,入住时间：2019年02月房间和图片是一样的，布置的挺舒服的，虽然中间，下次还要来有点小波折……，但是房东都很耐心、细心的给解决了……因为过年期间没有见到房东，但是可以感觉到房东是一个十分认真的帅哥，做饭的厨具很全，温暖如家般，下次有机会还会来！房东回复:住客人特别好非常理解体贴人欢迎您再来玩国贸7号线百子湾欢乐谷超大复式黑色贵族之家>
北京市怀柔区九渡河镇吉寺村,1980,82,体验乡居生活，农耕文化，绿色有机食材，在恬静舒适的院落中聚会，创作，烘培，下厨，懒睡，满足你对诗一般生活的向往。。筑梦田农耕小院，以自然农法，自然生活为主题，让您在四年环山的村庄中，感受自然，以食物的味道，品尝到天然，小院早餐供应选用的都是自种的食材，您的每一次入住，都在帮助当地的农民，为他们的粮食找到走出大山的出口。五月份刚好樱桃成熟的季节，周六入住，周日可以体验樱桃采摘～活动持续到六月中旬。位于怀柔区九渡河镇，如果公交出行在怀柔城区于家园汽车总站坐怀柔～吉寺的直达车，车程35分钟，下车后有指示牌抵达筑梦田民宿小院，或者自驾出行，走京承高速宽沟出口，沿怀长路直行，导航吉寺村村委会，进村后有路标指示牌。,北方特色装修风格，院落保留的红砖灰瓦的景色，房间内部装修现代化风格，家电齐全，厨房，卫浴，电器均为一线品牌，满足客人对外部自然，内部舒适的体验。,适宜儿童适宜老人电梯门禁系统浴缸有线网络允许带宠物适宜残疾人,热水淋浴无线网络空调电视洗衣机冰箱停车位饮水设备暖气拖鞋手纸牙具毛巾浴液 洗发水香皂允许做饭允许吸烟允许聚会,筑梦田,Woman,4.9分,暂无,暂无,暂无,暂无,暂无
北京市顺义区南法信东亚首航国际,278,20,嗨~您好我是丹妮，请您预订前先和我沟通，您的问题我将一一解答，确保您对房源的交通位置周边环境内部设施都满意的情况下再预订。不接受聚餐，入住人数请如实填写。房间提供免费做饭但是做完饭需要清理干净厨具碗筷厨房恢复原样，不然会扣取50元深度保洁费[爱心]房屋位于顺义区东亚首航国际，距离最近地铁15号线南法信1.1公里，距离机场T2航站楼9公里多打车很方便，楼下有随手可及的共享单车，也方便公交出行，房间地铁直达国展望京奥林匹克公园此房为整套开间一居室房屋装扮请看网站实拍图片，房屋内部提供双人床沙发茶几饭桌书桌电视独享无线，厨房有厨具炒锅煮锅电饭煲做饭刀具餐具油盐酱醋洗洁精，洗手间有24小时热水洗发水沐浴露洗手液洗衣液全自动洗衣机。床上用品每客一换阿姨每客一扫入住时间超过15天将在中途免费清扫一次。[爱心]希望您用几分钟来阅读以上所述，希望我的房子能给您和您的家人朋友提供家一样的温馨舒适，在入住房间期间能像爱惜自己家一样爱惜我的房子，保持房间干净用品无污渍，不然清洗不下需要赔付，如有其他问题请和我沟通，在入住过程中出现任何问题请告知我会及时处理，如住宿满意请您对房屋做出5分高评，再您认可了房屋价格和其他方面确定入住再下订单，希望善意的您不要再认可价格或者其他之后给出差评或者中评。打车到首都机场20分钟，地铁直达国展望京,欧式风装扮沙发床铺一应俱全厨房厨具碗筷基本调料满足您的手艺,门禁系统停车位浴缸有线网络允许聚会允许带宠物适宜儿童适宜老人适宜残疾人,热水淋浴无线网络空调电视电梯洗衣机冰箱饮水设备暖气拖鞋手纸牙具毛巾浴液 洗发水香皂允许做饭允许吸烟,a丹妮的家,Woman,4.8分,4.8分,4.8分,4.8分,4.8分,4.8分
天雪潇,m2tn,us石头,LUEy72,Marblekg,研究皮卡丘,独舞苍穹,郑炜杰,刘雯赫,OK安然OK,ArchitectD,12牛爷
入住时间：2018年11月入住体验很好，干净房东回复:感谢您的支持，欢迎再来吆,入住时间：2019年02月交通便利五星好评房东回复:感谢您的认可，欢迎有机会再合作哈,入住时间：2018年10月比较新的公寓小区，挺不错的房东回复:感谢您的支持与认可，欢迎再次光临哈五道口步行数所高校直达鸟巢圆明园现代风一居>,入住时间：2019年05月确实不错，卫生也整洁，性价比比较高，很宽敞。房东回复:欢迎再来哈五道口步行数所高校直达鸟巢圆明园现代风一居>,入住时间：2019年05月整个体验很不错，房东人很好，解答问题也很快。做饭什么都没有问题，周围有超市，都很方便！房东回复:欢迎再来哈六道口步行数所高校旁鸟巢圆明园舒适一居>,入住时间：2019年05月房子基本和图片相同，很舒服的一居室，离清北都不远，附近就有商场，生活非常便利~一个人住了一周，感觉也非常安全~下次还有机会来北京的话还会考虑定这家的~特价机场20分钟/地铁直达国展望京欧式公寓②>,入住时间：2019年05月很不错，安静，温馨，交通也算便利，房东美女也很有耐心，一一解答问题，很不错的一次体验房东回复:很好，欢迎再来邮轮中心东渡路靠山靠海优美典雅三居室>,入住时间：2019年05月环境很好，房间床铺也大里面设备也是很齐全的，值得推荐五道口步行数所高校直达鸟巢圆明园欧式一居室>,入住时间：2019年04月特价的时候定的，离第二天上班的地方超近，房屋很舒适，条件很好，衣柜里面有很多被子，是一次不错的体验，下次还会再来六道口步行清华矿大北语地质农大林大二居室>,入住时间：2019年04月挺宽敞的。六道口步行清华矿大北语地质农大林大二居室>,入住时间：2019年04月挺温馨的小屋。如果有毛巾和卷纸就更好了。卫生间地漏下水慢，床垫上没有褥子，弹簧硬。五道口步行数所高校直达鸟巢圆明园欧式一居室>,入住时间：2019年04月洗浴的喷头不好联系换个，洗澡时皮肤有划伤房东回复:好咧没问题这就更换五道口步行数所高校直达鸟巢圆明园欧式一居室>
北京市通州区永顺镇  世界侨商中心  6-2,278,8,在这里有豪华的大床，大屏幕的液晶电视，百兆wife，木质的茶几，复古的沙发，24小时热水妥妥的、独立的卫生间，很期待您哦！房间还为您准备了一次性牙刷牙膏，一次性梳子，一次性沐浴露，一次性洗发露，还有毛巾，浴巾。如果您是一个人在北京，这里也可以成为您在这里亲切而舒适的家，24小时安保系统，安全便捷。通州北关地铁站587路,"舒适的大床，大屏幕液晶电视，免费的wifi,24小时热水淋浴，独立卫生间，中央空调",洗衣机冰箱饮水设备浴缸暖气有线网络香皂允许做饭允许吸烟允许聚会允许带宠物适宜儿童适宜老人适宜残疾人,热水淋浴无线网络空调电视电梯门禁系统停车位拖鞋手纸牙具毛巾浴液 洗发水,闯,Man,暂无,暂无,暂无,暂无,暂无,暂无
北京市石景山区鲁谷路136号紫御长安,599,39,生活不止眼前的苟且，还有诗与远方。我们分享的房源，可能就是您在远方的“停泊港口”。我们也希望和对生活品质同样有要求的您，分享我们精心设计并不断完善的美丽“港口”，欢迎您来停泊。所在房屋距离一号线八角游乐园站距离455米，早班5点，行至五棵松站8分钟，行至复兴门14分钟，行至天安门西19分钟。房屋距离“衙门口”车站228米途经308、325、112路，距离“衙门口西”车站259米途经327、385、965、专86，距离“京原路口南”车站265米途经327，距离“鲁谷桥东”车站325米途经958等等。房屋距离五环出入口575米，距离莲石路出入口800余米，方便开车前往，如遇限号，可将车辆停至五环外，步行回小区。以上距离均摘自百度地图显示，以上地铁时刻等信息摘自百度百科“北京一号线地铁”。,房屋风格：房屋采取时尚科技style，简单黑白灰，加以少量亮色点缀。房屋分为上下两层，LOFT形式，大落地窗，简洁干净，采光好，视野佳。房屋格局：一层有有淋浴功能卫生间、封闭式厨房（洗衣机、灶台烟机、微波炉、电水壶等电器）、餐厅、客厅（含4米乘1.3米飘窗榻榻米一个），二层含一个主卧内置1.8米宽床人床、一个次卧内置2.5米乘2米的榻榻米、一个书房（配龙猫地垫）、一个卫生间、一个储物间。房屋景色：白天可以远眺西山山脉，感受生活的惬意，晚上可以俯瞰长安街的车流及八角游乐园灯光秀和精美摩天轮，感受城市繁华和生命力。屋内设备：屋内配有智能电视，出口质量家具、床垫及床上用品，名品软装饰品，让您轻松享受精致品质生活。特别提示：为配合平台倡导实名登记入住，请预定客人清楚选择入住人数。默认两名客人提供使用一间卧室，超出两名入住人需加收加人费用。如有疑问请勿闪顶，与我们留言或电话垂询。,适宜儿童适宜老人饮水设备浴缸允许吸烟允许聚会适宜残疾人,热水淋浴无线网络空调电视电梯门禁系统洗衣机冰箱停车位暖气有线网络拖鞋手纸牙具毛巾浴液 洗发水香皂允许做饭允许带宠物,Star短租,Woman,5分,暂无,暂无,暂无,暂无,暂无
北京市东城区地安门内大街,465,51,"空山松子落，幽人应未眠。家里不能大号，需去公厕看好规则，不合适按规则退款点我头像查看三里屯房源小屋松子落，希望亲友们来我家做客，就胡同内幽居的友人。【温馨安静独栋Loft】一楼是客厅+一卫，二层是卧房（高1.7m），最多可住三人。家居用品都为自己家里常用，以干净舒服为主。清新温柔惬意，安静的休息场所，满足您的期待。位置绝佳，四通八达。地铁【730米到达2号、8号鼓楼大街地铁G口，鼓楼南桥】；步行【600米到达南锣鼓巷，公交车站宝钞，公交车站安定门内】【850米到鼓楼，烟袋斜街】；骑车5分钟到达【国子监，孔庙】；步行十几分钟逛遍周边景点【地坛公园，中央戏剧学院，什刹海，故宫，北海公园，景山公园】，出行方便到达【天安门中国美术馆王府井大街西单三里屯国贸，地铁8号直达鸟巢。松子落在北锣鼓巷５分钟到达猫小院、小时光咖啡馆，网红方糖。属于皇城历史文化保护区。安静悠闲闹中取静，原汁原味老北京胡同。这里有过北京最时髦的雪花电冰箱厂，95年著名的《三联生活周刊》复刊，中国法制日报和富山电子公司。对于四九城，她走向四通八达，适合体验当地人文生活又爱走街串巷游玩者，商务人士办公，最适合情侣闺蜜、家人入住。当您风尘仆仆来到三月，房间100%“一客一扫”，但出于环保民宿不提供牙刷。如果有问题，请及时联系我，如您愿意，分享您游玩攻略哦~亲友们，抓紧时间订购吧！希望在松子落住的舒心，一份独家记忆！注意：【卫生间马桶内不能扔纸屑头发或者其他物品】预订即视为知晓，亲友们看清楚呢！若因此马桶堵塞将会扣除部分押金来疏通呢，因此产生的差评房东这个锅不背呢~【房屋内外禁止喧哗、不允许举办party】曲折幽深的胡同老宅里出入的都是老北京的邻居，他们迷恋着这份安静。【房屋内禁止吸烟喝酒，不适合携带宠物入住】吸烟请到屋外，因此造成长时间烟味散不尽，或者其他损坏房源，您可能会被收取高额罚金。注意：外国友人暂不接待；一切违反乱纪恕不接待！胡同可免费停车，但靠抢！鼓楼大街地铁口既有收费停车位，离家走路十分钟。+闪光点:★★★★★-【星星月亮窗帘】屋内通透性很好，每天被梦幻般的光照叫醒，美好的一天从早安开始。-【周边吃喝玩】胡同四通八达，北锣鼓巷才属于正在创作拍照最佳地，游玩串巷！胡同内文艺，逼格够的小时光，猫小院，温度金工DIY手工坊，网红环境榜单的方糖，各种吃喝玩乐不出胡同只需走路五分钟，主街上的就更不用多介绍。-【品牌生活用品】智能wifi投影，屈臣氏马油，宜家公牛，小米，大宝，协和药妆，蓝月亮飞科，狮王等一列生活用品。处于环保牙刷自备！-【安全防护】屋子在胡同独院内，门都为A级别防盗门。出门关窗户电源。尤其空调，如果电费耗损到不可思议的地步，会扣除部分押金，希望宝宝们都是勤俭节约好孩子。★周边小吃小时光多肉植物主题咖啡，猫小院猫主题咖啡，网红环境榜单方糖，游乐游艺热门榜单BIGPINK，藏真CAFE&BAR(直播球赛），ToastTheOrchid西餐，亮健容天土锅羊蝎子，东城区咖啡厅口味榜单VOYAGECOFFEE，好白商店，洛凡手工DIY体验，张妈妈特色川味馆，早春二月，菊儿人家，云洱小镇。数不过来了。★40OLoft宽敞独栋，在嘈杂的城市逛了一天，有个安静又像家里一样舒适的地方放松，最就是松子落。★由于胡同房特殊的地下结构，卫生间为独立架构，满足小号但架不住在马桶内扔卫生纸或者其他大物品，容易造成堵塞。大号请公厕【出院左左直走10都有公厕】干净整洁，平常会有专业保洁清扫。洗脸池内最好也别扔头发碎杂物。★室内卫生间安装了【电热水器、冷热水管】。胡同老房是专属于北京的文化特色，独立卫生间也很少有，卫生间私密性适合情侣闺蜜，不适合混住人员。虽没有想像中那么完美，还是希望有更多的朋友能亲身感受原汁原味当地人文生活和历经岁月却依旧屹立的老屋，谢谢大家理解。★二楼：有一张1.5*2米卧床，客厅：有一张1*2米宜家沙发床，最多可住3人。★配备了智能网络投影仪、高速Wi-Fi、小米烧水壶、洗衣机、海尔冰箱（内有免费矿泉水）、空调、电采暖、电热水器（24小时淋浴）等。【卫生情况】每次客人退房后，会请专业保洁阿姨来全套打扫。床单被罩毛巾更换并消毒，卫生全面清洁。也不定时亲自打扫，对这点要求很严格，一定能放心。★房间家具床品、墙壁、装饰品等也请您爱护。进屋之后请换上居家拖鞋,地毯区域须脱鞋；如拍照请宝宝们放回原位，如有损失扣除押金哦！【自助入住+退房】入住时间：15:00－24：00，退房时间：12点。行李寄存：暂不接待【实景照片】照片为本人真实拍摄图片，基本房源真实情况，希望入住能带您更多舒适体验~位置绝佳，四通八达。地铁【730米到达2号、8号鼓楼大街地铁G口，鼓楼南桥】；步行【600米到达南锣鼓巷，公交车站宝钞，公交车站安定门内】【850米到鼓楼，烟袋斜街】；骑车5分钟到达【国子监，孔庙】；步行十几分钟逛遍周边景点【地坛公园，中央戏剧学院，什刹海，故宫，北海公园，景山公园】，出行方便到达【天安门中国美术馆王府井大街西单三里屯国贸，地铁8号直达鸟巢。","房屋规则：如期而至的家人,期待在旅途中为您创造温暖,也请您爱护它~以下是几条入住须知:1)进屋之后:请换上居家拖鞋,地毯区域须脱鞋;2)房间内禁止吸烟、酗酒;3)请勿将卫生纸或杂物丢入马桶内;大便请公厕4)保持居室各房间整洁及时清理垃圾,不要堆放在公共区域;5)为了不打扰周围邻居,房间内不可以太过吵闹、举办Party或者任何违法活动，22:00后请保持安静;7)拍照目的或其他非入住目的，请单独与我沟通后再预订;8)目前还不可以带宠物来哦,进出请保持安静不要打扰其他邻居休息;9)出门请记得关闭灯、门窗、空调等设备；10)请勿损坏/带走屋内物品。以上违反一条扣除500押金！",电视电梯门禁系统停车位饮水设备浴缸有线网络允许做饭允许吸烟允许聚会允许带宠物适宜儿童适宜老人适宜残疾人,热水淋浴无线网络空调洗衣机冰箱暖气拖鞋手纸牙具毛巾浴液 洗发水香皂,Nana_luo,Woman,4.6分,暂无,暂无,暂无,暂无,暂无
北京市丰台区西铁营,548,12,好交朋友1.小区楼下有快速公交直达天安门2.小区楼下走路三五分钟就到万达广场门口有各种免费车去附近，包括直达北京南站地铁站，可以知道颐和园圆明园西单等地。3.小区门口有足够的免费停车费,高档社区，二居室舒适好房，带沙发可住六人,适宜儿童适宜老人适宜残疾人无线网络门禁系统停车位饮水设备浴缸有线网络牙具毛巾香皂,热水淋浴空调电视电梯洗衣机冰箱暖气拖鞋手纸允许做饭允许吸烟允许聚会允许带宠物浴液 洗发水,美丽窝,Woman,暂无,暂无,暂无,暂无,暂无,暂无
北京市海淀区嘉德公寓,428,19,Hi!很高兴在这个美好的季节与您相遇。我是您的可爱房东，很乐意与您分享温馨有爱的小家：您来到我的家，会用舒适的房源，诚挚的热情来为您服务。也可以点我头像查看其它房源，总有一套您中意的哦！,房子为68平米的精装大一居，高层，有电梯，朝北，户型端正，24小时热水供应，无线WiFi，进门配有男女士拖鞋，一次性拖鞋等，房子定期消毒。①厨房：独立，透风，配有电压力锅，微波炉，燃气、灶台、抽油烟机、电热水壶、炒锅、蒸锅、碗盘、切菜板、洗菜盆、油盐酱醋、洗洁精等厨具齐全。②客厅与卧室相通：配有空调、沙发（可折叠）、茶几、纸巾、50英寸网络大电视，储物柜等，两张床分别是2×2米大圆床和2×1.5米可折叠沙发床，纯棉花被子褥子，纯棉四件套，并保证每客一换！大阳台，面朝北，视野开阔，配有折叠晾衣架，适合观光休闲。③卫浴间：配有浴缸（配一次性浴布）、全自动洗衣机、洗衣粉、一次性牙刷牙膏、梳子、香皂、沐浴露、洗发露、浴巾毛巾（每客一换）、吹风机，卫生纸等，内部干净。我的家，温馨干净敞亮，希望您能像爱护自己的家一样！同时预祝您生活愉快，家人幸福安康！,适宜儿童适宜老人允许聚会允许带宠物适宜残疾人,热水淋浴无线网络空调电视电梯门禁系统洗衣机冰箱停车位饮水设备浴缸暖气有线网络拖鞋手纸牙具毛巾浴液 洗发水香皂允许做饭允许吸烟,奋钧,Man,5分,暂无,暂无,暂无,暂无,暂无
北京市海淀区花园路甲13号院8号楼,458,27,"房间整体风格采用温馨淡雅的居家风格,既简洁又风格独特,让您感受如自己家的亲切感，居家设施一应俱全，真正意义上的拎包入住，专业的设计以及高质量完善的设施希望能给您带来好的体验!民宿所在小区位置特色如下：1.距离北京大学第三医院2公里左右，步行15分钟可到，小区外还有公交车，3站即到；2.距离北京电影学院,北京师范大学,北京邮电大学，北京政法大学仅2公里左右；3.距地铁10号线牡丹园站500米左右，周边还有多条公交线路方便您出行北京各个方向；4.距交通主干道北三环中路仅500米左右5.小区旁边有大型综合超市“美廉美超市""和翠微商场方便购买各种生活用品；6,距离积水潭医院4公里左右；7.小区周边超市，特色美食，银行等生活配套设施完善；8.距小区500米就是北京著名的元大都遗址免费公园，方便您浏览美景，健身，休闲娱乐。房屋所在小区位于海淀区花园路甲13号院小区距离地铁10号线牡丹园站D西南口和公交22路总站仅500米左右,还有多条公交线路，方便您出行北京各个方向。距离北京动物园6.5公里左右，开车15分钟左右，(地铁10号线换乘地铁4号线40分钟左右)距天安门13公里左右，开车25分钟，地铁10号线换乘地铁1号线1小时左右。距离北医三院(北京大学第三医院)仅1.7公里左右。公家车：331,606,484,562路直达，打车起步价13院距离颐和园11公里左右。公家车：331路直达，地铁10号线换乘地铁4号线40分钟左右距离圆明园10公里左右。公家车：331路直达，地铁10号线换乘地铁4号线35分钟左右距鸟巢和水立方4.8公里左右，开车15分钟，地铁10号线换乘地铁8号线25分钟左右。距奥林匹克公园仅5.6公里，，开车需15分钟，地铁10号线换乘地铁8号线25分钟左右。距北京首都国际机场29.1公里,机场大巴公主坟线（1小时左右）或地铁10号线换乘机场线(1小时)距北京西站14.5公里，开车20分钟左右，地铁10线-地铁4号线-地铁9号线50分钟左右，公交车：694,387距北京站",我们提供的精品民宿，居家设施一应俱全，完全拎包入住哟！1.双人床：1.8米的标准双人大床2张。2.床上用品：优质床垫配备品牌舒适垫，提供纯棉床上用品和被褥，床上用品一客一换。3.餐桌，床头柜，方便上网、学习、聊天……4.衣柜：多功能衣柜，让您的房间有更多的空间存储你的随行物品。5.家电：电视机，空调、冰箱、洗衣机、电热水壶、吹风机等一应俱全。6.实体墙：拒绝隔断房间，保证您个人空间的私密性。7.窗户：保证每个房间均有自己的窗户，明亮透风，不再憋屈。8.无线上网：高速WiFi，上网速度快。9.厨房：提供基本炒菜工具（包括菜刀、菜板、铲子、电饭煲、炒菜锅等），碗筷和基本的调料都为您免费配备。10.洗漱用品：品牌洗发水和沐浴露，抽纸，卷纸，刷牙杯，牙刷，牙膏，浴巾。11.一客一大扫：客人入住期间不再进入客人房间(如确有需要，会征询客人同意后才会进入房间)，客人退房后才有保洁阿姨打扫(入住期间需要额外打扫，80元一次)。12，照片都是真实照片，您可以放心预订。13、我们提供的是短期“居家”式租房服务，入住其间您需要自己收拾您这个临时的家哦！,适宜儿童适宜老人适宜残疾人饮水设备浴缸有线网络毛巾香皂允许聚会允许带宠物,热水淋浴无线网络空调电视电梯门禁系统洗衣机冰箱停车位暖气拖鞋手纸牙具浴液 洗发水允许做饭允许吸烟,熊猫公馆精品民宿,Man,3.8分,暂无,暂无,暂无,暂无,暂无
北京市通州区永顺镇  世界侨商中心,278,8,"免费的wifi,24小时热水淋浴，独立卫生间，茶几，真皮沙发，大屏幕液晶电视，双人大床","大屏幕液晶电视，双人大床，免费的的wifi,24小时热水淋浴，独立卫生间，热水壶，吹风机",洗衣机冰箱饮水设备浴缸暖气有线网络香皂允许做饭允许吸烟允许聚会允许带宠物适宜儿童适宜老人适宜残疾人,热水淋浴无线网络空调电视电梯门禁系统停车位拖鞋手纸牙具毛巾浴液 洗发水,闯,Man,4.9分,暂无,暂无,暂无,暂无,暂无
北京市丰台区东亚三环1号楼,388,27,不想当飞行员的调酒师，不是一个好的民宿主人。游走于线上OTA平台，厌倦了各项KPI考核，裸辞自己当民宿主人。顺便学着做奶爸。爱好广泛，音乐/篮球/台球/鸡尾酒/咖啡/茶艺，有机会可以切磋切磋房子位于马家堡西路，高端公寓式小区，临近地铁4号线，公益西桥地铁C口，出来拐弯就到小区门口。1站地铁换乘10号线，3站地铁到达北京南站，打车二十分钟到达南苑机场，公交646路，511路，377路，556路，990路等十几条公交车线路，能直达北京各大景点以及交通枢纽。,房间整体偏欧式装修，设计风格清新时尚。走进房间，给人温馨优雅的感觉。配备舒适大床相信一定可以让您舒舒服服睡个好觉，，高层，落地窗，视野巨好。房间虽只有50平左右，但是功能区划分明确，沙发客厅配网络电视，独立厨房，另外为了有办公需求的朋友也提供了一张办工桌（还有鼠标垫，哈哈）,饮水设备浴缸有线网络允许吸烟允许聚会允许带宠物适宜儿童适宜老人适宜残疾人,热水淋浴无线网络空调电视电梯门禁系统洗衣机冰箱停车位暖气拖鞋手纸牙具毛巾浴液 洗发水香皂允许做饭,游弋晓居,Woman,4.9分,暂无,暂无,暂无,暂无,暂无
北京市通州区梨园地铁11station(泉蔷佳苑）26号楼,328,26,呦呦鹿鸣，食野之岑。我有嘉宾，鼓瑟鼓琴.欢迎来到我的小家，在这里你会遇到一位热情开朗，爱生活，爱设计的都辣妈。设计师出身的我，做设计是认真的，做民宿我更是认真的。房间里的家具全部来自于宜家，因为我喜欢简单而不单调的设计。床品选用了水洗棉四件套，让您在旅行的疲惫之余能有最舒适的睡眠体验。这里的一点一滴都是我用心设计搭配，同时也希望能给来到陌生环境的您带来一丝温暖。千山万水行变，有缘结识你我。不慕时间风物情长，不单凡尘冷暖朝夕。只为能让你感受到家的温馨，也愿你喜欢我的初心。位于地铁梨园站，从梨园地铁站B口步行2分钟即到。楼下还有802路，806路，587路，589路，938路，810路，805路，快速直达专线113路，快速直达专线15路，快速直达专线162路公交车，交通位置十分方便。,"北欧冷淡风设计风格，全部采用宜家的家具，配备舒适的大床和床垫，让您在疲惫的一天后能有最舒适的睡眠。此外房间还配备空调，衣柜，冰箱，洗衣机，免费百兆wifi,以及独立卫生间（热水24小时随用随有哦）。并且厨房也免费提供，锅碗瓢盆一应具全，如果您想展示厨艺那就快快来吧！",适宜儿童适宜老人饮水设备浴缸有线网络允许聚会允许带宠物适宜残疾人,热水淋浴无线网络空调电视电梯门禁系统洗衣机冰箱停车位暖气拖鞋手纸牙具毛巾浴液 洗发水香皂允许做饭允许吸烟,太阳yoyo,Woman,5分,暂无,暂无,暂无,暂无,暂无
北京市朝阳区百子湾路32号 苹果社区北区 2C,548,36,GeekLife，床是墨菲床，可以推到墙上，1.5宽的床，床适合单人，两个人稍微偏挤，然后成为黑板，大长条桌，办公、学习心情爽，开放厨房，还可以手冲咖啡，招待朋友很好玩。还有一张1.3米宽的气垫床。有的是工业风，粗狂中暗藏一些小细节，有洁癖者慎重考虑，室内禁止吸烟，禁止吸食毒品。可柴米油盐，可琴棋书画，可宅着游戏，可对天发呆。拎包入住，关门即走。每天12点退房，下午2点入住，如有特殊情况，房主尽量协调。由于是公寓，习惯住星级酒店的建议慎重考虑，不要用酒店标准来衡量。整个房间是在原有开发商的精装修和全套家具家电情况下，完全重新设计重新布置家具，老的床、沙发、空调、电视都扔掉了。房主力争打造一种新型的空间GeekSpace，期待遇到有相同想法的你。位于地铁10号线国贸和双井之间，附近靠近今日美术馆，二十二院街。从国贸或者双井地铁可以骑mobike过来，非常方便。,重新设计装修的GeekSpace，一面墙是画廊墙，液晶电视，有线电视，宽带网络，还有主机游戏机。开放式厨房已改造为咖啡吧台。禁止吸烟！如有特殊需要，可以跟房主联系，尽力而为，来的都是朋友。,浴缸允许吸烟允许带宠物适宜儿童适宜老人适宜残疾人,热水淋浴无线网络空调电视电梯门禁系统洗衣机冰箱停车位饮水设备暖气有线网络拖鞋手纸牙具毛巾浴液 洗发水香皂允许做饭允许聚会,chinatonyli,Man,4.8分,暂无,暂无,暂无,暂无,暂无
北京市石景山区香山南路168号院西山枫林一区,459,23,为你的美丽健康选择温馨干净的家，离中国医学科学院外科整形医院只有100米，没有床位的尴尬一去不复返了！住院陪床的疲惫也解决了，自己在家做饭吃的舒服！早上遛弯去八大处爬爬山，静静心！香山的四季美景不能错过！植物园的花香满园使你久久不能往返！下楼就有多个公交车，101.318.489.598.112.992.347.109交通方便。步行3分钟到达整形外科医院，乘车3站到达八大处，不行3分钟到达国家检查官学院，3分钟到达射击射箭中心，三分钟到达协和护理学院，五站到达香山，6站到达植物园。紧邻工人疗养院，首钢医院，首钢篮球馆北方工业大学，物美超市，苹果园地铁站，中关村科技园区，知名的高尔夫球场！,温馨舒适的家为你旅游探亲访友美哒哒提供最好的住处！24小时热水，24小时电梯，充足的停车位，免费WIFI，免费做饭！充沛阳光1.8*2.0大床房！歌华有线免费宽带通！你北京的家欢迎你！,适宜儿童适宜老人适宜残疾人浴缸牙具毛巾香皂允许吸烟允许聚会允许带宠物,热水淋浴无线网络空调电视电梯门禁系统洗衣机冰箱停车位饮水设备暖气有线网络拖鞋手纸浴液 洗发水允许做饭,祝竹,Woman,5分,5分,5分,4.9分,5分,5分
bsMayn,洪千,猪猪包的猪猪包,小飞度,cj矿泉水,库爱爆米花,le绰,马桂花m,q月o好p1,王世伟123,dp呵呵,轻舞飞扬1983,泡芙xq,我没有野心,小胖居,1t二师兄,海之幽兰小窝,彭熹,林兰青
入住时间：2019年05月干净整洁舒适,入住时间：2019年02月非常不错的民宿，房东热情，房子干净，温馨，温暖，各种生活用品一应俱全，小区北门，西门外就是公交站点，还有物美超市，在这里我们一家过了个好年。房东回复:非常感谢你们入住我家！在北京过一个愉快的春节！,入住时间：2018年12月房东阿姨很热情人很好，真的要给超级好评啦后来因为自己的原因要提前退房，房东阿姨也很耐心的帮我解决。房子超级温馨，就是和图中一样的～暖气超级舒服，交通也很方便。总之一切都是棒棒哒！房东回复:离整形外科医院只有200米，舒适安静的大两居，冬天暖气十足，夏热通透凉爽，对于南方的朋友来说非常舒服！,入住时间：2018年10月很干净，特别好。房东回复:非常感谢你们的入住！卫生保持的非常好！温馨舒适的家给你们的周末带来愉快的体验！有机会介绍朋友们来家里度周末！,入住时间：2018年10月干净丶整洁，交通方便，有停车位，价格合理。房东大姐很热情！可以做饭，我们一家都很开心，还做了两顿饭，真心感谢房东大姐！房东回复:非常感谢你们选择我家入住！交通方便，经济实惠型的家给你们提供方便！入住期间卫生保持非常好！,入住时间：2018年10月很好的住宿体验房东回复:非常感谢你们选择我家入住！离香山非常近，318路公交直达！交通方便，温馨舒适的家给你们提供方便！,入住时间：2018年10月第一次订民宿不错的体验，房东姐姐热情亲切，家里干净整洁，周边交通也很方便，下次还会预订。房东回复:住的非常干净！,入住时间：2018年09月房子住的挺舒服的房东回复:非常感谢你们入住！过来培训的，入住期间非常好！紧邻培训中心！,入住时间：2018年09月房东姐姐人特别好，房子也宽敞整洁，住的很满意房东回复:非常感谢你们入住！入住期间卫生保持非常好！,入住时间：2017年08月忙的忘记点评了，家非常干净，遇到点儿小麻烦，幸运的解决，非常棒的居住环境，点赞房东回复:入住期间卫生保持的非常好！非常感谢你们入住！八大处整形外科医院三人间>,入住时间：2019年05月环境安静，安全。一应俱全，厨房设备齐全。床很舒服，有种回家的感觉。房东人很好，热情好客。选房子就选这家。房东回复:入住的非常干净！高素质房客！特价房五棵松301八角游乐园故宫天安门大两居>,入住时间：2019年04月交通很便利，附近设施齐全。房东回复:非常感谢你们你们选择我家入住！八大处整形外科医院三人间>,入住时间：2019年03月房间很大，位于上层，明亮房东回复:非常感谢你们选择我家度周末!故宫天安门301医院游乐园精装房>,入住时间：2019年03月环境不错，干净。房主人很好房东回复:感谢你们选择我家入住！有礼貌的美女！不错！301医院古城地铁站口豪华型loft商住两用(该房源已删除),入住时间：2019年02月房东姐姐人超好入住感也好走的时候有一小部分垃圾没带走房东姐姐也帮忙收拾了推荐指数，五颗星房东回复:非常好的美女！故宫天安门301医院游乐园精装房>,入住时间：2019年02月第一次在此平台订民宿，感觉非常的好，房东的房间与图片介绍一样，干净整洁，一进去就有家的感觉，基本的生活用品，厨房配置齐全，每天的生活就像在家里一样，退房的时候我还有点舍不得走出行方面出门走路十来分钟就到地铁了，到市区各景点都非常方便，楼下还有买菜的超市，非常方便，退房时房东过来搞卫生时我还没走，双方聊家常聊得非常开心，房东人非常好，平常有什么问题请教的时候回复的非常快。以后过来北京玩我还会继续选择住这里，也会非常乐意推荐给来京玩的朋友。房东回复:全家来北京旅游，两个可爱的宝宝，漂亮的妈妈，能干勤快的爸爸，幸福的一家人，入住期间卫生保持的非常好！欢迎你们介绍朋友来北京入住我家！特价房五棵松301八角游乐园故宫天安门大两居>,入住时间：2019年02月优点:1.房东阿姨人非常的好，非常热情，有问必答2.交通方便，虽然在五环，但离地铁还是挺近的3.周边还有一个公园，我们来的时间刚好有庙会4.房子周边非常安静，可以安心，屋内有三张床，暖气很足不足:1.电视节目不多，遥控器不会用，对于老人来说，可能会有点无聊2.房间内隔音效果有点差，主卧阳台没有拉门，只有窗帘房东回复:非常有礼貌的房客！入住期间卫生保持的很好！感谢你们选择我家入住！安静舒适交通方便的家给你们在北京带来不一样的感受！301医院古城地铁站口豪华型loft商住两用(该房源已删除),入住时间：2019年02月房子干净整洁舒适温馨。房东热情体贴。下次来北京还住这房东回复:非常感谢你们你们选择我家入住！交通方便，安静舒适温馨的家，给你们在北京的春节添彩！301医院古城地铁站口豪华型loft商住两用(该房源已删除),入住时间：2019年01月非常棒，非常舒服，干净，下次去北京还会再去入住房东回复:非常感谢你们选择我家入住！时尚潮流装修装饰，干净舒适的的复试结构！给你们提供一个别样的环境！八大处整形外科医院三人间>
北京市朝阳区延静里西街,408,19,希望结实爱分享，善良热情的人地铁14号6号C口D口出，1公里即可到达公寓，，公交线路496.657.450.690.740红领巾桥南下车即可,房间大飘窗+大阳台，阳光充裕，提供24小时热水，中央空调.电视机，电水壶，电吹风。房客使用权限：大床1.8*2米，床品一客一换；请节约水电，燃气，毛巾浴巾，洗发水，护发素、纸巾，洗衣粉等无偿提供；厨房用具可以免费使用、烹饪调料须自备，提供一次牙具，梳子，拖鞋、每个房间都有空调，也欢迎您带家人来北京，这里会是您旅途中温馨的家！！！由于很快进入夏季了，天气越来越热，整个大厦在5月15日统一供应冷气，咱们这面属于商住两用的房间，用的是中央空调，晚上住户比较少，23.00到隔天8点以前空调可能不会太凉，但是房间已经预备了空调扇可以使用，也很凉快，介意的可以慎拍哦,适宜老人门禁系统饮水设备浴缸允许做饭允许聚会允许带宠物适宜儿童适宜残疾人,热水淋浴无线网络空调电视电梯洗衣机冰箱停车位暖气有线网络拖鞋手纸牙具毛巾浴液 洗发水香皂允许吸烟,安琪儿Princess,Woman,5分,暂无,暂无,暂无,暂无,暂无
北京市大兴区瑞公馆,349,24,"绿叶・LOFT商务复式是一套宜家风格的智能家居的复式楼。房源是智能门锁，可以自行入住。房源紧邻北京地铁4号线生物医药基地站，对过就是龙湖时代天街购物中心，北京南边最大的购物中心之一。Greenleaves,LOFTbusinesscompoundisacompoundfloorofikeastyleofsmarthome.Housingisasmartdoorlocks,willbeabletocheckin.HousesclosetotheBeijingsubwayline4biomedicalbasestation,acrossisYinlonghuerashoppingcenter,oneofthebiggestshoppingcentersinthesouthofBeijing.周边公共交通：地铁4号线-生物医药基地站，兴21路、兴28路、兴28路区间、兴27路、兴30路、兴44路、兴48路。","房间楼上是两个大床，楼梯隔开，一个是2m×2m，一个是1.8m×2m，床之间用帘子隔开。1.8m床旁边是个办公桌，方便办公。楼下是客厅，阳台，厨房，卫生间。阳台有窗户，窗帘，可以晾衣服；客厅有沙发，茶几，智能电视，餐桌，冰箱，生活用品一应俱全。厨房是开放式的，调料，餐具，刀具，电饭煲，炒锅等准备的很充分。卫生间很大，洗澡很舒服，洗漱用品，毛巾，浴巾，吹风机都有准备，可以洗衣服。Separatedroomupstairs,twobigbed,stairs,oneis2m*2m,oneis1.8m*2m,withcurtainsseparatedbeds.1.8mbedisadesk,convenientoffice.Downstairsisasittingroom,balcony,kitchen,toilet.Thebalconywindow,curtain,hangingclothescan;Inthelivingroomsofa,teatable,smartTV,table,refrigerator,articlesfordailyuse.Thekitchenisopen,condiment,cutlery,knives,ricecooker,isreadytofrypan,etc.Bigtoilet,bathverycomfortable,toiletries,towels,bathtowel,hairdryerhasprepared,canwashtheclothes.",浴缸允许聚会适宜儿童适宜老人适宜残疾人,热水淋浴无线网络空调电视电梯门禁系统洗衣机冰箱停车位饮水设备暖气有线网络拖鞋手纸牙具毛巾浴液 洗发水香皂允许做饭允许吸烟允许带宠物,徐向杰,Man,4.9分,暂无,暂无,暂无,暂无,暂无
北京市朝阳区清河营南街华贸城,458,18,电梯直达华贸天地商业街！商街有配保利电影院，有各种餐厅如澳门味道、眉州东坡酒楼、巴依老爷新疆菜、某个时间烤串、呷哺呷哺火锅高端店、云南特色餐厅、韩国烤肉、日本料理、泰国菜……餐厅简直太多了数不过来()距离地铁北苑站13号线约500米，出门步行100米即是公交车站，交通非常便利。特别提示~重庆高端公寓内民宿，熟客预订享受特价！距离地铁北苑站13号线约500米，出门步行100米即是公交车站，交通非常便利。,整体北欧风格的装修，简洁有设计感。公寓内配备舒适的大床和床垫，相信您一定会舒舒服服的睡个好觉！除此之外卧室还有空调、衣柜、挂墙液晶电视、免费wifi以及独立的卫生间哦（24小时热水是妥妥滴）！如果您想做饭，厨房免费提供给您，厨具齐备，快来大展厨艺吧！,适宜儿童适宜老人适宜残疾人浴缸有线网络,热水淋浴无线网络空调电视电梯门禁系统洗衣机冰箱停车位饮水设备暖气拖鞋手纸牙具毛巾浴液 洗发水香皂允许做饭允许吸烟允许聚会允许带宠物,途中双喜,Woman,暂无,暂无,暂无,暂无,暂无,暂无
北京市朝阳区百子湾路16号后现代城,388,9,哈喽，大家好！我是James，一名喜欢旅行和骑行的阳光大男孩，刚好在旅途中得知小猪，一个可以住进别人家的神奇平台，因为经常出门，而骑着单车的时候刚好可以放在别人家里面，每到一个地方就能结识几位朋友，很方便很有感觉，享受着家里面的温馨。现在自己开始成为一名房东，希望自己的努力能给旅行或出差的朋友们提供一个舒服的空间，享受在北京的“家”。地铁7号线大郊亭站B口出往东北方向走，5分钟即到小区南门，小区紧靠东四环，楼下就是公交站和地铁站，公交有23路由东向西、地铁7号线大郊亭站和九龙山站，距离北京火车站3公里左右，往来机场非常方便，距离国贸、大望路、双井、三里屯等非常近。,房屋为精心设计开间，配备乐视2电视，配备3D眼镜以便您享受影音带来的欢乐。房间带有落地窗，无敌的视野，设施现代时尚，我们也提供了很便利的厨房用品和极速Wi-Fi，欢迎大家入住。坐落于百子湾路后现代城，艺人明星出没的小区，小区环境优美安静，24小时便利店、餐饮咖啡馆比比皆是，居住条件非常便利，周边有竞园等拍摄艺术区，比邻双井、国贸、大望路等热闹商圈。房屋地理位置优越，配套设施完善，交通方便，居住安全。,浴缸适宜儿童适宜老人适宜残疾人,热水淋浴无线网络空调电视电梯门禁系统洗衣机冰箱停车位饮水设备暖气有线网络拖鞋手纸牙具毛巾浴液 洗发水香皂允许做饭允许吸烟允许聚会允许带宠物,逅客后现代城店,Woman,4.7分,暂无,暂无,暂无,暂无,暂无
北京市朝阳区朝阳北路柏林爱乐二期34号楼,340,20,"亲爱的朋友们，非常高兴你能看到我们的房子，我们是一对刚刚转型做民俗的夫妻，我们爱生活，爱旅行，爱运动，爱结交朋友，通过旅行我们发现小猪为我们这些喜欢民俗的旅行者，提供了更快融入一个城市的方式，让我们认识更多朋友，也让我们在旅行中，也能像在家一样舒适，放松，自在，温暖，所以认识到小猪是一种生活方式，也真正理解到分享经济的可行性，所以我们通过小猪分享自己的家，认识更多的朋友，不论你是谁，从哪里来，到这里希望你能如亲人家一样的开心，快乐。友情提示：本人就住在房子附近，如果需要什么帮助，很方便就能找到我，我们会尽我所能的满足你。小区离地铁六号线黄渠站六七分钟距离，可以直达南锣鼓巷，北海，另外还有多趟公交车731,488,506,911等直达小区门口，方便不同方式的出行需求。小区东门往东六百米是大型综合购物商场：龙湖长楹天街，对面是华联购物中心，跟家人朋友去买买，去看看新上映的大片都是极好的。距离北京南苑机场33公里，约50分钟车程距离首都国际机场17.6公里，约19分钟车程距离北京站21公里，约40分钟车程距离北京西站30.9公里，约61分钟车程距离北京南站27.7公里，约40分钟车程",现代装修风格，配有百兆宽带，急速上网，厨房厨具齐全，液晶电视，舒服的宜家沙发，全套浴室洗漱用品，保证品质的前提下，让您有个舒服的休息环境,停车位浴缸允许带宠物适宜儿童适宜老人适宜残疾人,热水淋浴无线网络空调电视电梯门禁系统洗衣机冰箱饮水设备暖气有线网络拖鞋手纸牙具毛巾浴液 洗发水香皂允许做饭允许吸烟允许聚会,Emma的小家,Woman,4.9分,4.8分,4.9分,4.9分,4.9分,4.9分
yr高小璐,九州烟雨任浮生,风浪中溜达,我爱帅帅宝,wssuyi,金小台,Zch_hn,苏苏05,mirage31,meimei221,enmz6w,文化属性,啾秋啾,萌琦琦的美甲店,Ashley5y,小峰1994,丽丽图,张伟i7,Rebecca311
入住时间：2019年05月房东人很好，房间设施齐全,入住时间：2019年03月总体来说很不错，房东小姐姐超级好，第一天住的时候不能做饭，第二天帮忙调了房间。距离地铁站很近，出行也比较方便。我是晚上九点的飞机，跟小姐姐说过之后还允许留到了下午再离开。总之是一次很好的体验，下次再去玩，还会选择这家的。就是希望下次再入住的时候，直接给我的就是房间门锁都是好的房间，还是很谢谢房东小姐姐的热心啦！房东回复:谢谢亲爱的好评和认可，也很开心通过短租认识了新朋友，这就是我做民宿的初心，感恩！祝您好运,入住时间：2019年02月真心不错，房子没煤气了还给调了一间很舒服。房东回复:谢谢您的好评，期待下次入住呢,入住时间：2019年02月美女房东很热情，主动帮我们调换房间，洗衣做饭很方便，大投影也可以看，入住很愉快有家的感觉，值得推荐！房东回复:谢谢亲爱的好评，还在不断的改进中，希望下次有机会再为你服务,入住时间：2018年12月房间很大，在小区靠里的一点，不难找。该有的东西都有，客厅和卧室里各有一个能斜躺着的沙发椅。落地窗好评而且整个房间的空间显得很通透，现在是冬天不太能开窗，到夏天的感觉应该会更好。淋浴头没有挂的地方，可以改天钉一个上去吧，基本上没有别的可以说的地方了，比较开心的入住。房东回复:谢谢亲的好评，你住的好就是我开心的事情，希望有机会再见，下次来优惠哦,入住时间：2018年11月整体的感觉还不错，房子还比较干净，房间架子上挂着新洗的床单被罩。床很舒服，是大床。房间也非常暖和。房东回复:谢谢亲爱的好评，经营了三年民宿了我一直在让客房每天都有变化，希望我的努力可以让您有个好心情，下次来优惠哈,入住时间：2018年11月小屋很温馨，周边环境也很棒～整体都很不错哦～,入住时间：2018年11月毛巾没有其余体验还可以,入住时间：2018年10月和房东沟通很顺畅，有求必应，有问必答，除厨房卫生差点，其它都好。购物，交通都很方便，居住安静，安全。,入住时间：2018年10月房主人好热情国贸传媒大学六号线黄渠旁精装整租大两居>,入住时间：2019年05月好好好！真好！近机场国贸CBD传媒六号线黄渠温馨一居室>,入住时间：2019年05月干净。房子收拾的不错，住着温馨，适合一家人出游国贸传媒大学紧邻六号线黄渠站精装大一居室>,入住时间：2019年05月照片与实物差不多，是喜欢的风格，交通很方便，就在地铁站附近，没多远有购物的地方，很方便。房间卫生也很好，房东很好说话，会推荐周围美食什么的。这次入住很棒！近国贸双井地铁旁首城国际精装温馨大开间>,入住时间：2019年04月门锁差点意思，不是密码锁传媒，二外，长楹天街常营地铁零距离豪装次卧>,入住时间：2019年05月卫生太差了一开门一股异味沙发上的垫子脏成黑油条了我都不敢坐卫生间到处都是头发保洁太糊弄人了吧不推荐房东回复:亲你住的哪套房？评价错了吧！让我晕一会传媒，二外，长楹天街常营地铁零距离豪装次卧>,入住时间：2019年04月房东非常好。房间非常干净。传媒，二外，长楹天街常营地铁零距离豪装次卧>,入住时间：2019年04月很好，干净卫生。传媒国贸CBD六号线黄渠旁精装带投影温馨一居>,入住时间：2019年04月超级棒啊啊国贸传媒大学六号线黄渠旁精装整租大两居>,入住时间：2019年04月我和同事都太喜欢住在这里了，虽然有些设施有点老旧不过不影响住宿，出门在外真的要选一个舒服的地方来住。房主人特别好，我们来的第一天就帮了我们大忙，以后再有同事来出差，一定推荐这里。国贸妇产医院蓝港三里屯金台路地铁旁温馨一居>
北京市朝阳区荧屏里,369,32,本人是一位热爱生活、热爱电影的男孩，尤其喜欢旅行，在旅行中可以结识新的朋友，分享彼此的成长故事和经历，体验各地的风土人情。我希望在这里能认识你，如果你感兴趣，我愿意分享有趣旅行经历，同时您将体验到我精心设计小屋，将给您带来不一样的居住体验。你将体验到一个充满艺术、卡通、生态和创意的时尚居住环境，畅快看片，尽情享受文艺清新之旅。对面就是北京最具特色的时尚艺术文库――798艺术区，希望你能感受到这里浓郁又清新的艺术气息。民宿和酒店的区别在于温度――家的温度、人的温度、交流的温度。我尽全力给您一个温暖、干净、舒适的家。我们也会尽全力帮您解决问题，满足要求。我们保证做到：【房屋】一客一保洁【床品】一客一换【餐具】一客一消毒有任何问题，都可以先和我们沟通，希望您能把我们当作朋友、家人房子位于798艺术区北侧，出了小区南门，过了马路就是798艺术区。地铁：距小屋最近为14号线望京南站，步行15分钟。北京地铁四通八达通达，可达任何任何主要景点和位置。公交：小区南门就有公交站，大山子路口东公交站，途径公交车几十个。可直达三里屯、北京站等主要景点。北京西站：地铁7号线（焦化厂方向）到九龙山换14号线到望京南站B2口下步行15分钟到小屋，约65分钟。北京站：地铁2号线（东直门方向）到建国门换1号线（四惠方向）到大望路换14号线，再望京南站B2口下步行15分钟到小屋，约50分钟。。北京南站：14号线直达望京南B2口下步行15分钟到小屋，约50分钟。首都机场：打车到小区，约20分钟。,【客厅】：电影客厅是复古文艺的影音环境。二到三人可坐的沙发，可坐在沙发上聊天，看电视、看电影，白色茶几上有零食，一边看电影一边休闲。怀抱沙发的背景墙是复古海报风格，各种经典大片海报您是否都曾欣赏过哦？液晶电视下的机柜里有茶叶、咖啡、垃圾袋、针线小工具等在客厅里绝对是您独享的休闲影音环境。【厨房】：超大厨房，超多厨具。这里有日常用的电饭煲，炒锅，高压锅、电火锅、蒸锅、热水壶、餐具和刀具，调料也都齐全，可做饭使用，夏天冰箱里将会给您准备免费的饮品和冰激凌。洗衣机方便好用，并配有衣物消毒水和洗衣液。【卫生间】：电热水器操作简单方便，24小时热水。洗漱用品应有尽有，毛巾、洗发水、沐浴露、洗手液、香皂、牙刷牙膏，吹风机都有，浴室为您准备了两双洗澡凉拖。【卧室】：超大卧室，超多享受。卧室为时尚文艺清新的装饰风格，配备舒适2米大床和柔软床垫，床头搭配优雅动听的爵士CD机，一拉即开。床头柜里有免费使用的电蚊香液、插线板、手动按摩器。卧室内配有超大储藏空间的衣柜和储物隔断（房东我亲子手工制作的柜子哦），可以放置大量的衣物和行李。除此之外小屋里还有免费百兆无线网、特色艺术吊椅、超大抱抱熊、文艺咖啡桌椅、超大绿色书柜、无限畅看杂志景点读物、超多卡通游乐玩偶、生态绿色植物、小米净化器、电暖气片、体重秤等。【阳台】：独立的阳台，可晒衣服，阳台上有各种萌萌的多肉植物，希望大家爱护哦，在外喧嚣浮躁的闹市中，这里独享一片安静和安逸。,停车位浴缸有线网络允许吸烟允许聚会允许带宠物适宜儿童适宜老人适宜残疾人,热水淋浴无线网络空调电视电梯门禁系统洗衣机冰箱饮水设备暖气拖鞋手纸牙具毛巾浴液 洗发水香皂允许做饭,aikola,Man,5分,暂无,暂无,暂无,暂无,暂无
北京市石景山区八角游乐园地铁京原路5号,428,25,北京接地气的院落楼房！享受的楼房的舒适，感受平房的惬意！近八角游乐园地铁站，朝阳医院西院里的精装楼房，就医方便，出行方便，购物方便，近万达广场，家乐福超市，美廉美超市，八角游乐园，物美超市，万达影城！西长安街上的带小院楼房！距离八角游乐园地铁站口只有500米，在朝阳医院院里，隔壁是新华社，公交车385327958373337325527663959机场大巴！交通方便！,别具一格的院落楼房，内部设施齐全，厨房用品齐全，卫浴方便，大床房，双人沙发床，独立客厅，独立餐厅！独立院落！,适宜儿童适宜老人适宜残疾人停车位浴缸允许带宠物,热水淋浴无线网络空调电视电梯门禁系统洗衣机冰箱饮水设备暖气有线网络拖鞋手纸牙具毛巾浴液 洗发水香皂允许做饭允许吸烟允许聚会,祝竹,Woman,4.9分,暂无,暂无,暂无,暂无,暂无
北京市大兴区龙湖时代天街西区4号楼,399,31,"【绿叶・麋鹿】它实际使用面积99平米，是一套现代北欧简约风格的复式楼大两居。房源是智能门锁，可以自行入住。房源距离北京地铁4号线【生物医药基地】站50米，对过就是龙湖时代天街购物中心，北京南边最大的购物中心之一。【leaves,elk】Itactualuseareaof99squaremeters,isasetofmodernNordiccontractedstyle,twoindoubleentrybuilding.Housingisasmartdoorlocks,willbeabletocheckin.HousesofBeijingsubwayline4station50meters【biologicalmedicinebase】,rightisYinlonghuerashoppingcenter,oneofthebiggestshoppingcentersinthesouthofBeijing.住在这里，20分钟可以去哪？【荟聚、宜家】购物商场乘坐地铁4号线8站，到北京最大的购物中心之一【荟聚、宜家】购物商场。【强烈推荐:荟聚北京口碑最好的餐厅，最时尚的品牌聚集。荟聚绝对是一个美食和购物的天堂，包括ZARA、H&M、Uniqlo(优衣库)、GAP、OldNavy、C&A、AmericanEagle、Forever21、Mango、CK等众多快时尚品牌，餐饮品牌也囊获了诸如沸腾鱼乡、峨嵋酒家、小吊梨汤、云海肴、西贝莜面村、小辉哥、新辣道、天意、BurgerKing(汉堡王)、Haagen-Dazs(哈根达斯)、Starbucks(星巴克)、满记甜品等众多耳熟能详且深受消费者喜爱的品牌】。Liveinhere,20minutescango?【poly,ikea】shoppingmallToBeijingstationbysubwayline4,8,oneofthebiggestshoppingcenterwill【poly,ikea】shoppingmall.【stronglyrecommended:bestrestaurantwillgatherinBeijinghere,gatheredthemostfashionablebrands.Huiisafoodandshoppingparadise,includingZARA,H&M,Uniqlo(Uniqlo),GAP,OldNavy,C&A,AmericanEagle,Forever21,Mango,CK,andmanyotherfastfashionbrand,brandcateringandclinchingthecountrysuchasboilingfish,Iputuoshanrestaurant,smallpearsoup,seaofclouds,siebelyouflourfoodinvillage,Lucas,newhotword,providence,BurgerKing(bk),HaagenDazs(haagen-dazs),Starbucks(Starbucks),fulldownsweetmeats,andmanyotherwell-knownandpopularconsumerfavoritebrand】.住在这里，36分钟可以去哪？【北京南站】乘坐地铁4号线13站地，到达【北京南站】高铁站，开车、地铁都是40分钟左右车程。住在这里，53分钟可以去哪？【北京南苑机场】乘坐地铁4号线9站地到达【新宫】站，再换乘【机场大巴公主坟线】直达【北京南苑机场】。开车就是上南6环，再上京台高速，直达【北京南站机场】，33分钟可到达。住在这里，53分钟可以去哪？【北京西站】乘坐地铁4号线15站地到达【菜市口】站，换乘地铁7号线4站地，直达【北京西站】。北京西站，亚洲规模最大的现代化铁道客运站之一。住在这里，1小时7分钟可以去哪？【北京首都国际机场】开车直接上6环，换京平高速，再换机场高速，直达【北京首都国际机场】坐地铁大巴1．5小时到达，乘坐地铁4号线13站地到达【北京南站】，换乘【机场大巴北京南站线】，直达【北京首都国际机场】。Livehere,1hourand7minutescango?【theBeijingcapitalinternationalairport】Drivedirectlyonthe6ring,high-speedflatinBeijing,andthenintheairporthigh-speed,straighttotheBeijingcapitalinternationalairportbysubway】1.5hoursbustoarrive,takethesubwayline4,13stationsto【Beijingsouthstation】,transferto【theairportshuttlebustoBeijingsouthrailwaystationline】,to【theBeijingcapitalinternationalairport】.","房源楼上是2个独立卧室和1个独立卫生间，每个卧室都是双人大床，主卧室2米×1.8米双人床，次卧是2米×1.5米双人床。楼上独立卫生间，有准备毛巾，浴巾，沐浴露，洗发膏，牙膏，牙刷，洗手液，手纸等基本生活用品。楼下是客厅，餐厅，厨房，阳台，客厅有很舒适的宜家沙发和茶几，电视是42寸的网络电视等，厨房内的厨具、冰箱、碗筷，调料，米，油等都有准备。Housingupstairs,twoindependentbedroomsand1bathroom,aredoublebedsineachbedroom,masterbedroom2mx1.8mdoublebed,secondlieis2mx1.5mdoublebed.Upstairsbathroom,thepreparedtowel,bathtowel,bathdew,shampoo,toothpaste,toothbrush,handsanitizer,toiletpaperandotherbasicsupplies.Downstairsisthesittingroom,dining-room,kitchen,balcony,theikeasofaandteatableofthesittingroomisverycomfortable,thenetworktelevisionis42inchTV,kitchenutensilsandappliances,refrigeratorinsidethekitchen,eatingfood,spices,meters,oiletchaveprepared.",浴缸允许聚会适宜儿童适宜老人适宜残疾人,热水淋浴无线网络空调电视电梯门禁系统洗衣机冰箱停车位饮水设备暖气有线网络拖鞋手纸牙具毛巾浴液 洗发水香皂允许做饭允许吸烟允许带宠物,徐向杰,Man,4.9分,暂无,暂无,暂无,暂无,暂无
北京市朝阳区南磨房街道 百子湾 沿海赛洛城,428,23,这里阳光充足，干净温馨。欢迎一样喜欢海风的朋友来7号线地铁百子湾站广渠路和石门东路往东公交唐家村,豪华舒适的大双人床，超舒适高级床垫，纯棉高档床品（干净安全）刀叉齐全，红酒杯，醒酒器，热水壶，洋酒杯子，时尚餐具烛台，花瓶，开瓶器，花艺24小时热水洗澡，大喷头超爽淋浴，高档洗发沐浴大瓶免费提供，还有高档浴巾和毛巾呦，洗衣机滚筒自动，吹风机，牙刷免费无线WIFI，拖鞋，批肩，香氛，3人加1人沙发宽敞，电视，冰箱，洗衣机,停车位允许聚会允许带宠物适宜儿童适宜老人适宜残疾人,热水淋浴无线网络空调电视电梯门禁系统洗衣机冰箱饮水设备浴缸暖气有线网络拖鞋手纸牙具毛巾浴液 洗发水香皂允许做饭允许吸烟,iHOME民宿沿海店,Woman,4.8分,暂无,暂无,暂无,暂无,暂无
北京市石景山区体育场西街20号院拾景名苑小区2号楼,499,19,你将认识一个热爱生命热爱旅游的大姐，性格开朗，热情好客的我为你在北京准备一个温馨舒适的精装修的家!距离地铁站不到8分钟，楼下有多趟公交车，327.385.337.527.399.958.941.959等.一号线直达天安门广场，军博，北京博物馆，西单大悦城，西单商场，王府井，故宫博物院，中华世纪坛，地铁直到西客站，北京南站，北京站，北京北站，国际机场，机场大巴直接到达万商。,温馨舒适的房子配有两张舒适的大床!为旅游度假的你们解除疲劳，免费的WIFI，高清的电视，24小时热水，洗衣机，微波炉，冰箱，电饭锅，电水壶，燃气灶，一切都是居家配置!为你的北京生活提供方便！,浴缸手纸牙具毛巾香皂允许带宠物适宜儿童适宜老人适宜残疾人,热水淋浴无线网络空调电视电梯门禁系统洗衣机冰箱停车位饮水设备暖气有线网络拖鞋允许做饭允许吸烟允许聚会浴液 洗发水,祝竹,Woman,5分,暂无,暂无,暂无,暂无,暂无
北京市海淀区清华东路27号院5号楼,340,33,一个热爱生活、向往自由的北方男孩、希望给您带来不一样的居住体验，非常欢迎来到这里！步行300米地铁六道口站15号线、多条公交线路、交通便利。,房子楼层位于一层，但采光良好，隔音优选，家具电器一应俱全！*全新纯棉质床品，舒适的大床和柔软的床垫，相信您一定会舒舒服服的睡个好觉！*超温馨松软地毯，空调，全自动洗衣机，24小时热水，一次性洗漱用品及毛巾一应俱全。*高清电视，百兆无线WIFI全覆盖，让你想看什么就看什么！这里，不但是你商务出行，短期留驻的不二之选，更是您居家旅游、休闲度假的理想选择。公寓紧邻地铁15号线六道口，公寓所有房间为整租类型，公寓的房间是家庭的感觉，房间配置齐全，液晶电视、免费Wifi、空调、冰箱、洗衣机、以及独立的卫生间。所有房间都是实景拍摄，欢迎您选择入住我们的公寓，为您提供优质的服务，让每位房客享受温馨家感受是我们的服务宗旨，祝福您在北京有美好难忘的旅行感受，祝福您一切都美好！,电梯浴缸允许吸烟允许聚会允许带宠物适宜儿童适宜老人适宜残疾人,热水淋浴无线网络空调电视门禁系统洗衣机冰箱停车位饮水设备暖气有线网络拖鞋手纸牙具毛巾浴液 洗发水香皂允许做饭,胡扯瞎有理,Man,5分,5分,5分,5分,5分,5分
贾孟硕,刘雯赫,y古体诗机构,简大家,Halaheylo,席玉玲,rtyucvb,晓梦璃璃,心灵美啊哈哈,大狗狗狗狗狗,StefenS,你的\\,剑来不来呀,胡萝卜0,Ming小明明明,丢丢yi
入住时间：2019年05月房间很大，很舒适，价格适中，强烈推荐房东回复:非常好的客人，交流很开心，欢迎再来,入住时间：2019年05月房间很不错很安静交通便利体验很好用品全房东人很好耐心的解答问题告知具体位置是一次很好的入住体验下次还会再来房东回复:很好的房客，欢迎再来,入住时间：2019年04月房子住的挺舒服房东回复:很好的房客，欢迎再来,入住时间：2019年04月房东特别客气，房子床超级大，超级舒服，下回还来房东回复:非常好的客人，欢迎再来,入住时间：2019年03月干净整洁，还有厨房可以用，爸妈特别满意～房东回复:很好的房客，欢迎再来,入住时间：2019年02月房东小伙儿聊的很投缘，有啥基本都秒回，服务很到位，环境也很舒适，住的很舒心房东回复:很棒的客人，欢迎再来,入住时间：2019年05月房东是个很好的人。房间性价比很高，干净整洁，十分温馨。交通很便利，楼下就有各种小吃便利店，价格也很实惠。推荐入住。房东回复:欢迎再来哟，相处的很愉快【清小摇~】地铁10、13号线知春路站>,入住时间：2019年01月1.房间位置确实很方便，出门就是六道口地铁站；周围也有便利店。步行15分钟左右还有一个大的购物中心。2.房间很大，也干净，物件齐全。3.房东小哥真的真的很nice，回复及时且真诚，很有礼貌。指引非常详细。房东回复:很好的房客，欢迎再来,入住时间：2019年04月体验感很好，房东回应非常积极，态度很好，住的也很舒适房东回复:欢迎再来呀，下次给你优惠哈【清小摇~】地铁10、13号线知春路站>,入住时间：2019年05月房东人很好，房子也不错，推荐！房东回复:很好的房客，欢迎再来【清小摇~】地铁10、13号线知春路站>,入住时间：2019年05月很不错～～房东回复:很好的房客，欢迎再来【圣旨~】六道口地铁站A口公寓整租>,入住时间：2019年05月离学校很近也很方便重点是房东超可爱！房东回复:很棒的房客，给出了非常宝贵的建议，欢迎下次再来【圣旨~】六道口地铁站A口公寓整租>,入住时间：2019年05月房东很棒态度很好，房间隔音很好，跟外界没干扰房东回复:很好的房客，欢迎再来【圣旨~】六道口地铁站A口公寓整租>,入住时间：2019年05月真的是超级棒的一次住宿体验，很喜欢这个民宿，下次来找男朋友还住这里！！！真的强烈推荐，离逛街看电影的地方也不远，走一会儿就到了，很方便呢，而且又是在小区里，很安全！！！房东也很好呢！！总之就是很棒！！！房东回复:非常和善的客人，交流的很开心，欢迎下次再来【慢生活】中式单间~六道口地铁站圣熙八号附近>,入住时间：2019年05月住得很舒服O施也很R全房|人也很好很有耐心下次有C再矸慷回复:很好的房客，欢迎再来【慢生活】中式单间~六道口地铁站圣熙八号附近>,入住时间：2019年05月房东人很赞房子很棒房东回复:很好的房客，欢迎再来【圣旨~】六道口地铁站A口公寓整租>
北京市海淀区中铁翰庭2号楼,399,27,满怀期待遇见萍水相逢的你.长久以来对生活品质的追求和对于家居装饰的热爱让我把全部的爱寄放到我的民宿里，我是一位性格开朗，勤奋务实待人友好的90后男孩，具有亲和力，善于与人沟通，人比较随和，所以一向以来与人相处融洽。当然，这里并不完美，您遇到任何问题请随时跟我沟通，我会尽力为您解决感谢您对房子的喜欢，这是我们继续努力的动力～步行300米地铁六道口站15号线、多条公交线路、交通便利。,简中风格的装修，配备舒适的大床和床垫，相信您一定会舒舒服服的睡个好觉！除此之外卧室还有空调、衣柜、挂墙液晶电视、免费百兆wifi、以及独立的卫生间哦（24小时热水是妥妥的）！如果您想做饭，厨房免费提供给您，厨具调料齐备，快来大展厨艺吧！,停车位浴缸允许吸烟允许聚会允许带宠物适宜儿童适宜老人适宜残疾人,热水淋浴无线网络空调电视电梯门禁系统洗衣机冰箱饮水设备暖气有线网络拖鞋手纸牙具毛巾浴液 洗发水香皂允许做饭,胡扯瞎有理,Man,5分,暂无,暂无,暂无,暂无,暂无
北京市海淀区学清路,418,21,嗨~您好我是丹妮，请您在预览我的房源有意向预订时先和我沟通，您的问题我将一一解答，确保您对房源的交通位置周边环境内部设施都满意的情况下再预订。不接受聚餐入住人数请如实填写.距离当天日期10天后的房子4天起订，只预订1天的房子距离入住日期3天内可定只预订2天的距离入住日期5天内可定，请先沟通再下订单沟通都没有问题清楚没有问题的时候再下订单，不然可能会因为不符合要求需要取消订单，请配合感谢[爱心]房间提供免费做饭(厨具碗筷调料)但是做完饭需要清理干净厨具碗筷，否则收取深度清洁费50元[爱心]希望您用几分钟来阅读以上所述，希望我的房子能给您和您的家人朋友提供家一样的温馨舒适，在入住房间期间能像爱惜自己家一样爱惜我的房子，保持房间干净用品无污渍，不然清洗不下需要赔付，如有其他问题请和我沟通，在入住过程中出现任何问题请告知我会及时处理，如住宿满意请您对房屋做出5分高评，再您认可了房屋价格和其他方面确定入住再下订单，希望善意的您不要再认可价格或者其他之后给出差评或者中评。[爱心]房屋位于海淀区学院路距离最近地铁15号房间提供免费做饭(厨具碗筷调料)但是做完饭需要清理干净厨具碗筷厨房恢复原样，不然会扣取100元深度保洁费线六道口1.2公里，公交站学知园石板房林大北路东口只需300米，房屋300米内有圣熙八号购物中心，商场美廉美大超市影院Ktv和众多美食可选满足您的蓓蕾，距离房租最近的高校是林大和农大只需700米左右便可步行到达，其次是清华地质北语矿大均在2公里左右，楼下有随手可及的共享单车或者是坐几站公交到达，从公交站可直达鸟巢圆明园。[爱心]此房为整套开间一居室房屋装扮请看网站实拍图片，房屋内部提供双人床沙发茶几饭桌书桌电视独享无线，厨房有厨具炒锅煮锅电饭煲做饭刀具餐具油盐酱醋洗洁精，洗手间有24小时热水洗发水沐浴露洗手液洗衣液全自动洗衣机，在洗手间旁边有一间独立橱衣间行李可以放置橱衣间不占用房租使用面积。[爱心]一居室正常入住人数为2人您所看到的价格为2人价格，进入房间人数超过2人将多加20一人，如要过夜需加30一人，我将会为您免费提供床品。[爱心]房屋是智能密码锁安全放心，床上用品每客一换阿姨每客一扫入住时间超过15天将在中途免费清扫一次。学知园公交站西南侧200米(466，355，392，398，478，470，609，606，632，693，753，专4，夜4，运通103等路公交)。六道口地铁站北1千米。,宽敞整洁，以特色墙纸挂画装饰。沐浴洗剪吹设备齐全(淋浴、洗衣机、电吹风等)。餐饮冷藏设备齐全(燃气、电磁炉、炒锅、微波炉等)。衣柜、沙发、空调等。,停车位浴缸有线网络牙具毛巾允许聚会适宜儿童适宜老人适宜残疾人,热水淋浴无线网络空调电视电梯门禁系统洗衣机冰箱饮水设备暖气拖鞋手纸浴液 洗发水香皂允许做饭允许吸烟允许带宠物,a丹妮的家,Woman,4.9分,暂无,暂无,暂无,暂无,暂无
北京市丰台区西罗园路汇达公寓A座,600,31,一次偶然的机会自己入住小猪短租民宿，给了我了一次完全不一样的出行体验，轻松的氛围，好客的房东，家的感觉，温馨，自在，空间私密，安静，舒适！所以就萌发了把这种全新的出行方式带给更多的人，小猪不仅仅是住宿，还可以结实五湖四海的朋友，我的第一位小猪的客人现在已经是我儿子的私教老师了，好神奇哦，做服装生意的我喜欢旅行，美食，结实志同道合的朋友，我在这里准备好了，等你的到来！公寓出来左手转五六分钟到四路通公交站，去南站公交车一站地，步行二十分钟，打车直接单南站东进口出发平台，方便的不要不要的，南站的地铁四号线更是贯穿北京南北，公寓出来右手转绕过体育场第一个左手边路口向东就到百荣世贸商城，购物的天堂，只有你想不到的，没有你买不到的，地铁8号线更是在百荣A区门口，去天安门的话从公寓出来右转第一个路口向南穿过宝汇苑小区到达南三环边上木樨园桥西公交站坐72路直达天安门，还有什么不明白的您入住后我会一一告知！,费了好大心思装修的，准备自己住的大两居，所以处处彰显细节的用心，全屋品牌家具家电，主卧一米八次卧一米五的大床，席梦思床单，相信您一定会舒舒服服的睡个好觉，床头都陪有触摸式台灯，真的会让您享受物尽其用的功效，厨房用品一应俱全，快来大展厨艺吧！,适宜儿童适宜老人适宜残疾人停车位浴缸有线网络允许吸烟允许聚会允许带宠物,热水淋浴无线网络空调电视电梯门禁系统洗衣机冰箱饮水设备暖气拖鞋手纸牙具毛巾浴液 洗发水香皂允许做饭,庭前玉兰,Woman,暂无,暂无,暂无,暂无,暂无,暂无
